input,label
"Technical systems not formally listed. Servers, data tools, and core applications known only through informal communication. Non-technical assets (process notes, staff duties, IP references) poorly documented or missing. No structured review.",bad
"No clear inventory of technical items such as booking tools, storage systems, or customer databases. Non-technical documentation (service steps, role details) absent. Asset identification is ad-hoc.",bad
"No record of technical infrastructure (control systems, ERP elements, production data tools). Non-technical processes and IP details not captured. No mapping or governance exists.",bad
"Technical catalog missing entirely. Tools, systems, user applications, and databases undocumented. Non-technical assets (manual workflows, role ownership) incomplete. Visibility extremely low.",bad
"Technical assets such as CRM systems, marketing tools, analytics platforms not listed. Non-technical workflows and approval paths undocumented. Missing asset governance entirely.",bad
No structured asset list available. Technical components known to only a few staff. Non-technical assets such as sanitation workflows and supplier procedures not recorded. High risk of gaps.,bad
"Outdated spreadsheets hold old system entries. No updated list of servers, processes, or applications. Non-technical items (roles, operational tasks) unmaintained. No formal inventory practice.",bad
"Critical systems (medical tools, imaging platforms, patient data apps) not catalogued. Non-technical work patterns and clinical procedures undocumented. Major asset blindness.",bad
"No inventory for technical components (project systems, supply tools, machinery controllers). Non-technical processes undocumented. Organisation relies on tribal knowledge.",bad
"Technical assets (content tools, digital archives, publishing systems) entirely missing from documentation. Non-technical workflows, roles, and IP unmanaged. No structured asset work exists.",bad
Administrative stakeholders not defined. Only a single IT technician is assumed to handle recovery. No mapping of stakeholders to assets. Senior recovery roles are unclear and no named individuals exist. External support is assumed but not documented. No stakeholder register exists or is maintained.,bad
"Only an informal list of two administrators exists, without defining responsibilities. Senior approval authority is vaguely described as “management”. External vendors are not identified. No clear delegation or escalation path. The register is outdated and rarely reviewed.",bad
Stakeholders are partially known verbally but not written. Administrative staff are not mapped to critical systems. Senior decision-makers are not named. External partners exist but no contacts are stored. No responsibility matrix or documented expectations.,bad
"Recovery responsibility is assigned to ’IT team’, but no individuals are named. Senior stakeholders are not involved in exercises. External providers are assumed to support recovery but no contracts or SLAs exist. No proper stakeholder register.",bad
"Administrative stakeholders include two junior staff without backup support. Senior roles are not defined, and no delegate exists. External suppliers are unknown. The list is outdated and not tied to critical assets.",bad
"Stakeholder information is scattered across emails. Administrative, senior, and external roles are not grouped. No approval authority is documented. No consistent register or review process. Responsibilities are unclear.",bad
Recovery tasks are handled informally. Senior leadership is unaware of their role. Administrative staff have no documented restoration responsibilities. External support is based on ad-hoc phone calls. No register is maintained.,bad
"There is no clear stakeholder identification. Administrative, senior, and external roles are mixed without boundaries. Responsibilities are not assigned. No updates or reviews to stakeholder information occur.",bad
Only administrative staff are listed; senior and external stakeholders are missing. No authority for recovery approval is defined. No delegate structure exists. Stakeholder list not linked to recovery activities.,bad
Stakeholder mapping was attempted once but never updated. Most named individuals have left. External vendors are not recorded. Responsibilities are generic and unclear. No proper stakeholder register.,bad
"The organisation has no prioritised asset list. Recovery order is not defined, and systems are restored randomly. Critical dependencies like authentication services and management consoles are not considered. No awareness of sequence risks such as data corruption or administrator lockout.",bad
"Assets are loosely listed, but no prioritisation exists. Recovery teams guess which service to bring up first. No mapping of services to dependencies. Incorrect restoration order has previously caused delays, but no process was updated.",bad
"There is an outdated spreadsheet of assets with no criticality classification. Restoring services often occurs without a plan. Dependent systems are frequently brought online in the wrong order, causing access issues for administrators.",bad
"Asset prioritisation is verbally discussed but not documented. Recovery teams have no clarity on which services must be restored first. No understanding of the consequences of improper sequencing, such as authentication failures.",bad
"No formal prioritised register exists. A long list of assets is available, but all are treated equally. Recovery planning does not reflect dependency chains or business impact. No link to risk or cost considerations.",bad
"Asset importance is determined on the spot during incidents. There is no predefined restoration order. Critical systems like databases, identity management, and monitoring tools are often restored too late.",bad
The organisation keeps a generic list of IT assets without any order of priority. Restoration attempts during incidents have caused denial of service to admins due to missing access layers not being restored first.,bad
"Prioritisation efforts were started but never completed. The list contains asset names but no sequence. Dependencies, risk, and cost considerations are not included. No version control or reviews.",bad
"Asset priority ranking is inconsistent, with different teams using different versions of the list. No authoritative, centralised prioritised asset register exists.",bad
Recovery teams rely on experience rather than documentation. No prioritisation is defined for mission-critical systems. Restoration sequencing errors are common.,bad
"The organisation has no formal list of recovery controls. Backups exist but are inconsistent and untested. There is no documentation of storage systems, redundancy mechanisms, authentication controls, or recovery processes. Non-technical controls such as procedures, roles, and escalation paths are missing.",bad
"Only basic backups are known, and even those are not verified. No clarity on technical controls like availability zones, redundancy, or authentication dependencies. Non-technical recovery controls are not identified or recorded anywhere.",bad
"The organisation relies on a single backup location with no offsite copies. No recovery processes are documented. Technical controls such as SAN, NAS, or high availability setups are not identified. Non-technical controls are ignored entirely.",bad
"There is a partial list of backup servers, but no understanding of broader recovery controls. No identification of failover paths, authentication services, or redundant systems. Non-technical controls like procedures or governance frameworks are absent.",bad
Recovery controls are assumed rather than documented. Team members do not know where backups are stored or how redundancy works. No tracking of resilience mechanisms or alternate routes. No non-technical controls exist.,bad
"A simple backup script is the only known control. No high availability, no redundancy mapping, no documentation of authentication dependencies. No processes for recovery validation or non-technical control identification.",bad
"Technical controls such as storage, authentication, and network redundancy are not catalogued. Backups may exist, but placement and schedules are unclear. No non-technical controls are listed or reviewed.",bad
"The organisation has never identified its recovery controls. Backup frequency, storage location, authentication systems, and resilience mechanisms are unknown. There is no record of recovery procedures or decision-making processes.",bad
"Only a few controls are mentioned in emails. No structured list of technical controls such as S3 storage, failover zones, or alternate network paths. Non-technical controls like escalation and communication protocols are missing.",bad
"Recovery controls were attempted to be listed once but never completed. Many items are missing, such as redundancy, authentication layers, or recovery processes. No non-technical controls are identified or maintained.",bad
"The organisation has not identified any recovery control stakeholders. No individuals are assigned to conduct recovery exercises or manage recovery tasks. The team relies on whoever is available at the time, resulting in confusion and delays during incidents. No link to stakeholders identified in RC.IP-2.",bad
"Recovery stakeholders are assumed rather than identified. Technical staff believe they 'might' be involved, but roles are unclear. No subset has been defined from the RC.IP-2 stakeholder group. Responsibilities are not documented.",bad
There is no structured list of recovery control stakeholders. The organisation depends on a single administrator to handle recovery tasks. No backups or alternates are assigned. Stakeholder mapping is incomplete or missing.,bad
"Only one stakeholder is loosely associated with recovery activities, and their responsibilities are not documented. No coordination with the broader stakeholder list identified in RC.IP-2. No clarity on who conducts recovery exercises.",bad
Recovery control roles are blended with general IT tasks. No dedicated or trained individuals are identified. Stakeholders are not tied to specific controls or recovery steps. No alignment with RC.IP-2.,bad
"A few names are mentioned informally, but no formal list exists. Recovery stakeholders do not understand their responsibilities. There is no link between recovery controls and the people who manage them.",bad
"The organisation has no updated list of recovery control stakeholders. Individuals responsible for backups, failovers, and recovery processes are not known. No documentation connects these roles to RC.IP-2 stakeholders.",bad
"There is a partial list of potential recovery stakeholders, but it is outdated and lacks detail. Several individuals have left the organisation, and no replacements were assigned.",bad
"Stakeholders for recovery controls are vaguely referenced in emails, but no formal identification or documentation exists. Their responsibilities remain undefined.",bad
The organisation has not established clear ownership for recovery controls. No named individuals or teams exist to run recovery exercises or manage tasks during cyber incidents.,bad
Business continuity and cyber recovery are handled by different teams with no interaction. No mapping of controls exists. Backup sites are mentioned but never linked to recovery tasks.,bad
"We have a DR plan somewhere but it is not connected to cyber recovery activities. No alignment, no shared controls, no documentation tying the two together.",bad
Continuity team assumes recovery team will take care of everything. Recovery team assumes continuity team will manage facilities. No cross-reference of controls.,bad
"BCP documents list backup generators and alternate sites, but cyber recovery controls reference none of these. No coordination.",bad
"We do not know which business continuity controls support cyber recovery. No lists, no processes, no collaboration.",bad
Continuity stakeholders are not aware of cyber recovery needs. Cyber team has never reviewed continuity controls.,bad
"Business continuity tests are done separately from cyber recovery tests. No linking, no combined exercises, no joint ownership.",bad
Backups exist but continuity team doesn’t know recovery team’s use cases. Recovery tasks are not tied to continuity controls.,bad
The organization has continuity policies but zero reference to cyber incidents. Recovery controls are standalone with no relation to continuity.,bad
"No joint planning, no mapping of continuity to recovery. Both functions operate in silos without communication.",bad
"Our organization has not identified any recovery capabilities. No tools, no processes, no policies, and no trained personnel. We do not know what gaps exist.",bad
We rely on general IT knowledge for recovery and have no formal recovery procedures. Major capability gaps exist but no analysis has been done.,bad
No training or education around recovery exists. Staff are unaware of recovery tools or techniques. Gaps are not recorded.,bad
We do not have a list of recovery tools or technologies. No policy documents exist. We do not track capability gaps.,bad
Recovery processes are outdated and undocumented. There is no awareness of knowledge or skills gaps among the team.,bad
"There is no documented recovery capability. People, processes, and technologies are not formally assessed. Gaps are unknown.",bad
We have no assessment of recovery gaps. Management does not know what is missing or what is needed for recovery.,bad
Recovery capabilities are assumed but not confirmed. No gap analysis has been performed to identify weaknesses.,bad
Our organization has no defined recovery policies or procedural guidance. No capability review has been conducted.,bad
"We depend entirely on backups but we don't know if they work. Knowledge, process, and technology gaps remain unidentified.",bad
"No documentation exists for any regulatory, legal, environmental, or operational requirements. No mapping of provincial or governmental directives. No compliance tracking system. The organization is unaware of disclosure timelines, mandatory notifications, reporting channels, or legal escalation requirements. No assigned owners for regulatory communication.",bad
We have no defined list of laws or reporting obligations. Regulatory expectations from government bodies remain unknown. Environmental and operational requirements are not monitored. No process exists for legal notifications or compliance-based directives. Completely missing documentation and tracking.,bad
"Applicable regulations are not captured anywhere. The organization does not track incident reporting laws, environmental restrictions, or operational mandates. Compliance registers are empty. No early communication templates or notification sequences are prepared.",bad
No legal or regulatory repository is maintained. Provincial and central government regulations are not reviewed. No environmental compliance logs. No operational directives documented. The organization is not aware of mandatory disclosure periods or reporting authorities.,bad
There is no awareness of regulatory bodies or legal expectations. Environmental and operational requirements are ignored. The organization does not track compliance changes or documentation updates. No responsible team is assigned.,bad
"Regulatory requirements remain unidentified. Legal, environmental, and operational mandates are untracked. No repository, no reporting workflow, no accountability. Complete absence of compliance documentation.",bad
We have not identified any applicable directives. No review of external regulations. Operational standards and environmental rules are not documented. No mapping to recovery or communication processes.,bad
No structured process exists for tracking regulatory responsibilities. No list of directives. No communication requirements defined. Environmental and operational obligations not recognized. No documentation at all.,bad
"Legal, regulatory, and environmental requirements are managed informally. Nothing is documented. No review cycles or assigned owners. Operational compliance obligations are unknown.",bad
"No tracking of relevant laws, standards, or disclosure requirements. The organization is blind to all regulatory mandates. No draft notifications or communication paths. No documentation maintained anywhere.",bad
"No recovery sequence defined. The organization has no documented order for restoring systems. Teams do not know which service must come first. High risk of data corruption and lost access. No structure, no prioritization, no guidance.",bad
"We have no listing of recovery order. Administrators often restore systems randomly depending on who is available. This causes delays, access failures, and multiple failed recovery attempts.",bad
"There is no structured sequence for restoration. Critical systems like authentication and management interfaces may be restored last by accident, blocking recovery altogether.",bad
Recovery tasks are performed without any defined order. Backup systems are triggered manually without coordination. Data integrity risks are high.,bad
No documentation exists for the order in which services should be recovered. Remote access and authentication may be unavailable when needed.,bad
We do not have any list or flow for system recovery. Staff rely on memory. The incorrect order has previously caused corrupted data and unusable backups.,bad
Recovery sequence not understood by technical staff. No mapping of dependencies. No step-by-step flow available. Restoration often fails.,bad
"The organization has no recovery order mapping. Critical access services, storage systems, and application layers are restored without sequencing. Causes repeated disruption.",bad
"Restoration is done by guesswork. No defined precedence for core services like identity management, storage, or network availability. Very inconsistent recovery outcome.",bad
No awareness of correct recovery order. Teams restore whatever is easiest first. Data loss and authentication failures occur regularly.,bad
"No documentation of service interdependencies exists. Systems operate in isolation with no mapping of how services rely on one another. No inventory, no configuration records, no connection diagrams. Recovery teams operate blindly during incidents.",bad
There is no understanding of how systems connect. No interdependency map. Mission-critical services have unknown upstream and downstream links. Recovery becomes guesswork.,bad
Service relationships are not captured anywhere. Asset inventory is incomplete. No configuration details. No record of cross-domain communication channels.,bad
"Teams do not track how applications depend on storage, authentication, or network components. No mapping of critical service chains. Vulnerable during recovery.",bad
"No structured list of interdependent systems. Recovery procedures ignore dependencies, causing cascading failures during restoration attempts.",bad
Asset inventory missing. Interdependencies not documented. Analysts have no visibility into how systems rely on infrastructure layers. External recovery providers lack guidance.,bad
"Interdependency records do not exist. No diagrams, no tables, no configuration details. Dependencies discovered only when failures occur.",bad
"No relationship mapping for services. Authentication, data pipelines, APIs, and network elements restored randomly, often in incorrect order.",bad
The organization lacks any understanding of service-to-service connections. No cross-domain communication pathways recorded. Massive delays during incidents.,bad
Mission-critical systems have no dependency documentation. Teams do not know which components fail together or impact others. No traceable asset inventory.,bad
"Only high-level service notes exist with no documentation of how systems functionally depend on each other. Security dependencies are not tracked, and the CMDB is empty or outdated. Recovery teams have no reference for understanding how one failure could cascade across services.",bad
"Functional dependencies are guessed by staff, with no verification. No list of authentication, authorization, or encryption dependencies exists. Changes to systems are not recorded, leading to broken links and unknown risks during recovery.",bad
"The organization has no visibility into which services require others to operate. Security controls like IAM, firewalls, and certificates are not mapped. CMDB is not maintained and discovery is manual and inconsistent.",bad
"Dependencies are maintained verbally by the IT admin. No documentation, diagrams, or mapping tools are used. Security dependencies such as key vaults, token services, or identity providers are ignored.",bad
"CMDB contains outdated entries that do not reflect current infrastructure. Functional flows are missing, and security dependencies are incomplete, causing delays during incident response.",bad
There is no standard process to capture functional or security dependencies. Application teams provide incomplete information and no cross-validation is performed. Critical dependencies remain unknown.,bad
"Functional and security dependency mapping is attempted but abandoned due to lack of resources. Many outdated components are still listed as active, causing confusion during recovery planning.",bad
"No automated discovery tools are deployed. Dependencies are inferred only when failures happen. Security dependencies such as SSO, MFA, certificates, and encryption libraries are undocumented.",bad
"System interconnections are recorded inconsistently across spreadsheets. Security dependencies are not captured, making it impossible to assess risk propagation across systems.",bad
"No asset, functional, or security dependency information is centrally stored. Each team uses its own format, leading to contradictions, missing data, and no reliable dependency chain.",bad
"The organization has no Cyber Continuity of Operations Plan (COOP). Recovery actions are improvised during incidents, and no documented strategy exists for secure administration, device hardening, or backup management. No exercises or tests are conducted, resulting in repeated failure to recover efficiently.",bad
"Recovery activities are loosely understood but not documented. The team does not follow any structured plan and relies entirely on ad-hoc decisions. Backups exist but are untested, and there is no plan for recovery during or after an event.",bad
"COOP planning has been attempted but never finalized. Critical areas such as authentication protection, device hardening, and secure administration are missing. Recovery processes have never been exercised to validate readiness.",bad
Only a basic disaster recovery note exists with no cyber-specific procedures. No steps are defined for surviving through an attack or restoring acceptable service. Recovery depends entirely on individual staff knowledge.,bad
"The organization treats recovery as an afterthought. There is no cyber resilience strategy, no exercises, and no documented COOP. Backup policies are undocumented and rarely followed.",bad
"Recovery responsibilities are not assigned, and the draft recovery plan is outdated. Architect-to-protect and access control strategies are missing. The plan has not been tested in years.",bad
No defined recovery goals or acceptable levels of service are documented. Backup processes and device-hardening procedures are inconsistent and do not follow a standardized COOP.,bad
"Recovery procedures exist only verbally within the IT team. No written COOP covers resilience, secure administration, or response during an attack. The organization cannot recover consistently.",bad
"Recovery planning is fragmented across multiple spreadsheets, none of which include cyber resilience components. No exercises have been conducted to validate controls or capabilities.",bad
"COOP development has been repeatedly postponed. There is no documented plan to maintain operations during cyber incidents, and no coordination exists between IT, security, and management.",bad
"Recovery processes and procedures are outdated and have not been reviewed in years. The organization never tests them, resulting in repeated failures during incidents. Lessons learned from past events are not incorporated, leaving the same gaps unaddressed.",bad
"Procedures for recovery exist only in draft form and are rarely used. No formal testing occurs, and staff are unaware of the correct steps to follow. Updates are not made even after incidents expose flaws in the recovery workflow.",bad
"No structured processes exist for recovery. Teams rely on informal knowledge and verbal instructions, which often leads to inconsistent and slow recovery efforts. Procedures are not updated or validated.",bad
Recovery documents are incomplete and missing critical steps. No exercises or drills are carried out to validate their effectiveness. The organization repeatedly faces avoidable delays due to untested recovery workflows.,bad
"Processes are reactive and created only when an incident happens. There is no cycle of testing or learning, and mistakes from previous incidents are repeated every time.",bad
"The organization lacks any versioning or maintenance of recovery procedures. Outdated instructions remain in use, causing confusion during incidents. No effort is made to bring processes up to date.",bad
Recovery processes are not coordinated between teams. There is no unified playbook or testing mechanism. Procedures fail often because they are never validated in real conditions.,bad
"After incidents, recovery steps are not analyzed or updated. The same procedural gaps persist for years, and the organization does not maintain a lessons-learned loop.",bad
"Recovery documentation is scattered and inconsistent. Some critical procedures do not exist at all. No testing, review, or updates occur, leaving the organization poorly prepared.",bad
"There is no mechanism to evaluate whether recovery procedures still work in the current system environment. As a result, outdated steps cause failures and prolong outages.",bad
"No external entity contacts are documented. The organization does not maintain any list of recovery partners, national recovery centres, service providers, or data centre contacts. No phone numbers, emails, or escalation paths exist.",bad
"The organisation has no record of external contacts. During incidents teams scramble to find vendor details, often through old emails or personal notes.",bad
There is no maintained list of external recovery partners. The organization relies on memory to contact data centre operators and service providers during emergencies.,bad
"External entity information is outdated and incomplete. Phone numbers are invalid, emails bounce, and escalation contacts are unknown.",bad
No formal documentation exists for contacting national recovery centres or call-off recovery partners. Teams are unaware of whom to notify.,bad
External support contacts are scattered across different teams with no central repository. Recovery coordination becomes chaotic and slow.,bad
"The organisation does not track secure phone numbers, emergency lines, or after-hours contacts for external support providers.",bad
"Recovery playbooks reference external entities but provide no actual contact details, making the information unusable during incidents.",bad
There is no assigned owner responsible for maintaining or updating external contact information. As a result the list is completely unreliable.,bad
"Critical service provider contact details were lost when an employee left. No backup documentation exists, leaving significant recovery gaps.",bad
"No out-of-band communication channels exist. The organization relies entirely on the primary network for communication, which becomes unusable during cyber incidents. There is no recovery communication plan, no escalation matrix, and no crisis communication procedures.",bad
"We do not have any OOB communication tools configured. During incidents, teams attempt to coordinate over regular email—which may be compromised—resulting in confusion and delays.",bad
"There is no documented recovery communication plan. No one knows whom to notify, how to escalate, or which communication paths must be used in emergencies.",bad
"Lights-out management tools like iLO/IPMI are not configured or accessible. If primary systems fail, administrators have no alternative means of access or communication.",bad
"The organization has no crisis communication plan. Internal teams, service providers, and recovery partners are contacted ad-hoc without structure.",bad
"No procedures exist for contacting HR, Legal, PR, or the Press Office during recovery events. Notifications happen inconsistently if they happen at all.",bad
Recovery communication responsibilities are unclear. Teams rely on personal messaging apps with no security or audit trail.,bad
"OOB communication methods have never been tested. Even if they exist on paper, no one knows how to use them during an incident.",bad
"No dedicated communication channels are reserved for recovery operations. Normal IT channels are reused, exposing messages to possible interception.",bad
"Recovery communication information is outdated and incomplete. Contact lists, escalation trees, and OOB channels have not been updated in years.",bad
"There is no centralized asset register; servers, laptops, and cloud workloads are known only to individual teams. No CMDB exists. Recovery procedures are informal and communicated verbally. Backups are taken irregularly without verification.",bad
Security dependencies are not documented. Systems have grown organically and no one has a complete understanding of interdependencies. No recovery playbooks exist. External vendors are contacted ad-hoc when issues occur.,bad
"Out-of-band communication does not exist. The organisation depends solely on email and corporate messaging platforms even during incidents. Backup infrastructure is old, with occasional failed restores that remain unresolved.",bad
There is no designated recovery team. Responsibilities are unclear during cyber events. No incident documentation practices exist. Lessons learned are never recorded. Internal staff rely on 'trial and error' during disruptions.,bad
Critical systems run without standard build templates or security hardening. No patching schedule is followed. Backup success rates are unknown. Application logs are overwritten due to misconfigured retention policies.,bad
"Contacts for third-party service providers are outdated. Several vendors have changed personnel but the organization has not updated its records. No crisis communication plan exists, and senior leadership receives updates informally.",bad
Recovery tests have never been performed. The organisation assumes backups will work if needed. No offsite copies exist. Some servers still use default credentials. Firewalls run old firmware without support contracts.,bad
"Teams maintain their own private spreadsheets of systems, resulting in duplicated and inconsistent records. No understanding of what systems support critical business processes. Disaster recovery investment is repeatedly deferred.",bad
Knowledge articles do not exist. Staff turnover frequently causes loss of technical knowledge. Restores require reverse-engineering systems during incidents. No formal security or functional dependency mapping exists.,bad
The organization relies entirely on ad-hoc troubleshooting when a cyber incident occurs. Nothing is documented. No contact list. No plan. No OOB communication. Recovery is done by trial-and-error over many hours.,bad
"The organisation has no defined contingency measures. Alternate routes are not documented, and no offsite backups exist. Pre-production environments are used inconsistently, and staff rely on ad-hoc fixes during outages.",bad
"There are no backup ISP links or redundant network paths. A single internet provider is used without failover. Hot-standby storage does not exist, and the team is unaware of contingency options.",bad
Backups are stored on the same physical site as production servers. No alternate sites or alternate communication channels are maintained. Recovery during infrastructure failure would be impossible.,bad
No contingency planning is conducted. The organisation has never tested failover systems. Secret communication paths or OOB channels are not available. Backup infrastructure is outdated.,bad
"The team lacks documentation for fallback environments. Development servers are occasionally repurposed during outages, causing further disruption. No predefined alternate sites exist.",bad
The organisation has no redundancy in WAN or LAN paths. A single firewall and router support all traffic. Contingency measures are not considered during planning cycles.,bad
"Backdoor administrative access does not exist. If the primary authentication system fails, administrators cannot reach critical systems. No hot-standby environment exists.",bad
"No DR drills occur. Staff have not practiced switching to alternate routes or backup networks. Backups occasionally fail, and no offsite rotation strategy exists.",bad
The organisation does not track where its backups are stored. Some systems have no backup configured at all. Contingency measures are assumed but not verified.,bad
"There is no fallback facility for operations. If the primary site becomes unavailable, operations halt entirely. No backup storage is maintained outside the main building.",bad
"The organisation has no decision-making protocol for cyber incidents. Stakeholders are contacted in an ad-hoc way, often through informal messaging. Senior Responsible Officers are not defined, and approvals during emergencies are delayed or inconsistent.",bad
"No formal escalation chart exists. During incidents, staff guess who to contact. Critical recovery actions often wait for hours due to unclear decision authority. No documentation explains who approves recovery actions.",bad
"There is no designated senior decision maker for cyber emergencies. Technical teams act independently without seeking executive approval, creating conflicting recovery actions.",bad
"The recovery team does not know who holds final authority to approve system restoration. Communications are chaotic, and different groups make contradictory decisions.",bad
"Decision-making roles are not documented. The organisation relies on whoever is available at the time of incident, causing confusion and misalignment during recovery.",bad
"During past incidents, teams escalated to the wrong stakeholders. No SRO or Recovery Command roles are assigned. Decision rights are unclear and undocumented.",bad
Approvals for recovery are often delayed because executives are unaware of their responsibilities. No emergency contact list or authority matrix exists.,bad
"There is no standard protocol for who authorises failover or system shutdown. Technical teams hesitate to act, fearing blame or policy violations.",bad
Recovery actions are frequently taken without proper authorisation due to missing decision-making guidance. Staff lack clarity on when to escalate and to whom.,bad
No emergency governance structure is defined. The organisation cannot guarantee timely decisions during critical incidents. The process is undocumented.,bad
No cyber wargaming is conducted. Recovery strategy is never stress-tested against realistic threat scenarios. Stakeholders have never role-played attacker actions or considered how compromise could affect their processes.,bad
The organisation has never run a full-scale scenario-based wargame for recovery. Tabletop discussions occur in ad-hoc meetings but lack structure or realistic threat modelling.,bad
Wargaming is limited to hypothetical conversations without defined scenarios or red-team involvement. Recovery gaps remain unknown and untested.,bad
Recovery strategy is based on assumptions rather than adversarial modelling. There is no structured exercise to challenge the plan or discover hidden vulnerabilities.,bad
The organisation does not prioritise threat-based recovery exercises. There is no dedicated budget or calendar slot for cyber wargaming.,bad
"Recovery team lacks experience in wargaming. When a scenario is played, the exercise stays theoretical and does not surface technical or procedural gaps.",bad
There is no threat modelling aligned to recovery. Scenarios are not designed to reflect real-world adversary behaviour. Recovery controls are never validated under attack conditions.,bad
"The organisation conducts only basic drills for system restoration, not strategic wargames. Stakeholders are not engaged in adversarial thinking, and no lessons are drawn.",bad
"Recovery wargame documentation does not exist. No after-action reports, no gap assessment, no insight into how the recovery plan performs under attack scenarios.",bad
Decision makers do not know the risks in different attack scenarios. There is no process to test recovery strategy against sophisticated threat vectors.,bad
No potential impact scheme is used. The organisation has no classification for impact severity and cannot determine how a cyber incident affects operations. Recovery actions are improvised without structure.,bad
"There is no documented impact scale for cyber incidents. The organisation reacts based on assumptions and individual judgement, resulting in inconsistent recovery responses.",bad
"Impact rating is not defined. Teams do not know what constitutes high, medium, or low impact. Recovery priorities are unclear during emergencies.",bad
No frameworks such as NCSC or NIST are referenced. The organisation has no method to categorize incident severity or link it to recovery options.,bad
"The organisation has never identified critical business impacts such as data loss, downtime, or financial damage. Recovery teams operate blindly during incidents.",bad
Impact assessment is subjective and depends entirely on who is on shift. Different teams rate severity differently due to lack of a common scheme.,bad
"Potential impact classification is missing. There are no predefined recovery paths for different severity levels, leading to delays and confusion.",bad
"There is no list of impacts or corresponding recovery actions. Teams escalate incidents arbitrarily, creating operational chaos.",bad
Impact rating methodology is outdated and never used in practice. Staff do not understand or apply any impact classification.,bad
Recovery planning is disconnected from incident impact. No formal mapping exists between incident severity and the recovery measures required.,bad
"No documented recovery processes exist. The organisation does not outline steps such as restoring backups, switching ISPs, or activating continuity plans. Teams rely on ad-hoc actions during incidents.",bad
"There is no list of recovery tasks. The organisation improvises when systems fail, and no processes exist for notifications, escalations, or performance measurement.",bad
"Recovery processes are missing entirely. Backup restoration, alternate routes, and site switching are not planned or understood by technical teams.",bad
There is no documented workflow for continuity activities. Teams are unaware of when to invoke backup ISPs or reduced-capacity operations.,bad
The organisation has no defined procedure for cyber monitoring during recovery. Service stability is guessed rather than measured.,bad
"No SLA or KPI measurement exists during recovery, making it impossible to determine when services can safely resume.",bad
Recovery escalation paths are undefined. The organisation does not know who to notify or when during a disruption.,bad
Processes such as switching to alternate routes or sites are not designed or tested. Staff do not know how to perform these actions.,bad
No recovery playbook or checklist exists. Incidents frequently result in confusion as teams debate what steps to take.,bad
The organisation has no structure for reporting or disclosures during recovery. Regulatory notifications are often missed or late.,bad
The organisation has no planned response activities. Response actions during cyber incidents are improvised and vary based on whoever is available at the time.,bad
"No predefined response steps exist for containment, eradication, or recovery. Teams act reactively without structured guidance.",bad
There is no list describing incident response expectations. Staff rely on assumptions and verbal instructions during disruptions.,bad
Response activities such as isolating affected systems or notifying stakeholders are not documented or assigned to any team.,bad
The organisation does not define which actions must occur during a ransomware or malware attack; decisions are made last-minute.,bad
"There are no planned responses for communication, escalation, or coordination with IT, security, or business teams.",bad
Incident response lacks structure—critical steps such as forensic capture or disabling compromised accounts are often missed.,bad
No planned responses exist for service restoration or monitoring during the recovery phase.,bad
"The organisation does not document alternative actions if primary systems fail, causing confusion during disruptions.",bad
"There is no procedure to transition from response activities to recovery activities, resulting in gaps and delays.",bad
"Recovery documentation is stored informally on local desktops and team drives with no version control. There is no predefined order of restoration, causing confusion during incidents.",bad
"Backups run without monitoring. Failed snapshots remain unnoticed for months. No clear recovery ownership exists, leading to inconsistent actions.",bad
Network and application dependencies are unknown. Teams often rely on informal knowledge sharing. No structured playbooks or recovery workflows are documented.,bad
"Out-of-band access is unavailable. Administrators depend entirely on VPN and internal authentication systems, making recovery impossible during authentication outages.",bad
"There are no recovery drills. Staff are unfamiliar with basic failover steps. Documentation is missing, incomplete, or outdated by several years.",bad
System restoration order is improvised during disruptions. The organization repeatedly reintroduces vulnerabilities because recovery steps are not standardized.,bad
"Communication during incidents is chaotic. No predetermined internal or external communication templates exist, leading to inconsistent messaging.",bad
"Backups are not validated. Restoration attempts regularly fail, forcing administrators to rebuild systems manually under pressure.",bad
Third-party support information is missing or outdated. Recovery is delayed because no one knows whom to contact for critical systems.,bad
"Team members maintain their own siloed notes, resulting in conflicting instructions during system recovery. No single authoritative reference exists.",bad
No structured process exists for restoring damaged systems. Teams simply restart services without validating data integrity or reviewing logs.,bad
Corrupted files are overwritten manually without verifying backup accuracy. No comparison is made with baseline configurations.,bad
"Applications are restored inconsistently, with some teams skipping critical tests. There is no confirmation that performance has returned to normal.",bad
"The organization does not maintain configuration backups, making it impossible to restore systems to a known-good state after incidents.",bad
"Logs are deleted instead of analyzed during recovery, resulting in missed signs of deeper issues. No post-incident validation is performed.",bad
Systems are restored using outdated backups. No checks are performed to ensure restored data matches operational requirements.,bad
"Damaged network devices are reconfigured from memory without reference documentation, causing inconsistencies across environments.",bad
"Testing after restoration is limited to checking if systems 'turn on', with no load testing, functional validation, or log review.",bad
Multiple recovery steps are skipped because staff lack training. Systems often return with degraded performance or partial functionality.,bad
"Restoration activities are done ad-hoc. No one confirms whether the fix resolved the underlying issue, leading to repeated outages.",bad
Recovery processes have not been updated in years. Playbooks do not reflect the current infrastructure and contain outdated commands and contact lists. No effort is made to adjust to new adversarial behaviors.,bad
Emerging threats are ignored. Adaptation is limited to patching obvious issues without understanding underlying recovery weaknesses. No adaptation governance exists.,bad
"New technologies are deployed without updating recovery guidance, leaving significant gaps in response capabilities. Playbooks reference deprecated tools and services.",bad
"Advanced adversary techniques are not monitored, leading to outdated recovery steps that fail when systems behave differently under attack.",bad
Critical services lack updated resilience strategies such as failover planning or multi-zone capability. Recovery procedures assume old monolithic designs.,bad
No mechanism exists to review recovery TTPs. The organization relies entirely on legacy documentation without verifying relevance to emerging threats.,bad
"Architectural adaptability is not considered. Systems rely on single points of failure, and recovery plans cannot support distributed or high-load operations.",bad
"Lessons learned from incidents are not translated into recovery improvements, causing repeated failures during similar attacks.",bad
"Teams resist updating recovery processes, citing lack of time or resources. As a result, outdated playbooks are still used during critical events.",bad
Adaptation efforts are completely absent. Recovery plans remain static despite significant environmental and threat-landscape changes.,bad
"SLA and OLA documentation does not exist. Teams rely on informal assumptions about acceptable downtime, leading to inconsistent recovery efforts during incidents.",bad
"RTOs are set arbitrarily without considering actual technical capabilities. Many targets cannot be met, causing repeated recovery failures.",bad
There is no defined criteria for when recovery is considered successful. SLAs are outdated and reference systems that no longer exist.,bad
Teams have conflicting expectations about acceptable downtime because OLAs have never been formally established or agreed upon.,bad
"Recovery objectives are unrealistic, with several systems assigned RTOs shorter than the time required to restore from backup.",bad
Incidents consistently exceed SLA expectations because targets have not been reviewed in years. No governance structure exists to update them.,bad
"RTO definitions are incomplete, covering only a small subset of services. Most applications operate without any defined recovery metrics.",bad
SLAs were created once during project initiation and have not been updated despite major changes in infrastructure and business processes.,bad
"The organisation sets aggressive RTOs without understanding dependencies, resulting in unsuccessful recoveries and prolonged outages.",bad
Recovery metrics are ignored during decision-making. There is no mechanism to invoke contingency plans when RTOs cannot be met.,bad
"There is no unified inventory of hardware, software, or cloud assets. Each team manages its own list, leading to conflicts during recovery events. Backup processes exist but frequently fail without alerting staff.",bad
"Recovery steps are undocumented, forcing teams to improvise during incidents. Several systems have never been rebooted for fear they may not recover. No visibility into what is mission-critical.",bad
Backups are stored on outdated hardware with failing components. No encryption or offsite replication is used. Recovery objectives are unknown to most staff.,bad
"Incident response roles are unclear. During outages, teams rely on messaging apps and verbal communication. No chain of command or escalation path is defined.",bad
System patching is irregular. Some servers run operating systems past end-of-life. No testing environment exists to validate recovery or patching actions.,bad
Vendor contacts are severely outdated. Many contracts have expired. No one maintains vendor SLAs or recovery expectations. External help is requested last-minute.,bad
"Backup logs indicate frequent corruption, but no remediation efforts are underway. Several business-critical databases have never undergone restore tests.",bad
No dependency mapping exists. Teams remain unaware of how their systems affect each other. Failures cascade unpredictably during incidents.,bad
"Knowledge transfer is nonexistent. Recoveries depend on a few long-tenured staff. When they are unavailable, outages extend for many hours.",bad
"The organisation operates with no formal recovery strategy, no documented steps, no communication plan, and no tracking of lessons learned. Every incident results in chaotic improvisation.",bad
"The organisation has no documented recovery objectives, leaving teams unaware of expected timelines or priorities during incidents. Stakeholder communications occur reactively instead of following a plan.",bad
"Data recovery strategies do not exist, and teams rely on improvised steps. No clear objectives define which systems must be restored first or what constitutes acceptable performance after recovery.",bad
Cyber COOP is not referenced in any recovery objectives. Staff remain unclear about their roles when disruption occurs. No reporting or escalation expectations are defined.,bad
"Recovery objectives are outdated, referencing systems that no longer exist. Current infrastructure lacks any measurable restoration targets, making recovery activities inconsistent and ineffective.",bad
"The organisation has no stated goals for restoring critical services, resulting in prolonged downtime. No documentation describes what service levels should look like post-recovery.",bad
"No communication or reporting requirements exist, leaving stakeholders uninformed during major disruptions. Decisions are made ad hoc without predefined objectives.",bad
"Data recovery is not prioritised, and backups have no defined restoration targets. Recovery efforts differ each time depending on which team is available.",bad
No objectives guide the use of Cyber COOP or continuity processes. The organisation struggles to maintain even minimal service quality during cyber incidents.,bad
"Recovery exercises are rarely conducted, and no objectives have been updated in years. Lessons from past incidents are not translated into improved recovery planning.",bad
"The organisation operates without any structured recovery expectations. There is no documentation, no prioritisation of services, and no clarity on what restoration success looks like.",bad
"No post-recovery assessment is performed, and the organisation has no visibility into whether KPIs or RTOs were met. Lessons remain unrecorded.",bad
Recovery actions conclude without any evaluation of success criteria or alignment with SLAs. Stakeholders receive no feedback on process performance.,bad
"The organisation does not review runbook relevance after incidents. Outdated steps persist, leading to repeated delays in future recoveries.",bad
"Communication effectiveness is never assessed post-incident, resulting in confusion and inconsistent reporting during future events.",bad
There is no comparison of actual recovery times with planned RTO or OLA values. Failures go unnoticed until the next incident.,bad
Performance indicators such as system stability and data integrity are ignored after recovery. Teams assume restored services are functional without validation.,bad
"Stakeholder feedback is not collected, and recurring pain points—such as delayed access restoration—are never addressed.",bad
"No logs or evidence are reviewed during or after incidents, leaving root causes unidentified. This leads to recurring disruptions.",bad
"The organisation fails to evaluate recovery tool performance, even when failures occur. Manual workarounds become the default practice.",bad
"Post-recovery activities consist of closing tickets without any analysis, measurement, or documentation, causing systemic recovery weaknesses.",bad
"There is no clear understanding among stakeholders of who is responsible for which recovery task. Interviews reveal that team members rely on verbal guidance during disruptions, and most are unaware that recovery documentation exists.",bad
"Recovery procedures are scattered across old email threads and local folders. No central repository is available, and several stakeholders admitted they have never been involved in exercises or planning sessions.",bad
Backup operations are inconsistent and unverified. Team members report uncertainty about whether historical data exists or can be restored. Communication during disruptions occurs informally through chat messages.,bad
"Stakeholders lack awareness of their roles during cyber incidents. No recovery training has been provided, and escalation paths are unclear. Many assume recovery is handled solely by senior IT staff.",bad
Documentation is either outdated or missing entirely. Interviews indicate that individuals often learn processes through trial-and-error. No structured assessment has been performed to evaluate recovery readiness.,bad
"Critical systems have no defined recovery steps. Staff turnover has left knowledge gaps, and recent hires are unfamiliar with the organisation's infrastructure. No interviews or workshops have been previously conducted.",bad
"Stakeholders do not know where backup data is stored or how to initiate a restore. Several believed that recovery was outsourced, though no evidence of such agreements exists.",bad
"There is limited collaboration across teams. Each group maintains its own informal practices, resulting in inconsistent and unreliable recovery outcomes. No unified communication method is used during crises.",bad
"Interviews reveal that staff have never seen a recovery playbook. Many were unaware of incident escalation tiers. Some contradicting information exists across teams, further complicating coordination.",bad
"Stakeholders openly acknowledge confusion during prior incidents. No records of lessons learned exist, and technical teams report significant uncertainty about system dependencies and critical paths.",bad
"No threat modelling process exists. System diagrams are outdated or missing, making it impossible to understand key attack paths. Analysts rely on assumptions rather than structured reviews, and no formal threat reports are produced.",bad
"Systems have never undergone architecture-level threat reviews. Security design flaws remain unrecognised until exploited. No organisation-wide modelling methodology exists, and there is no mapping of attacker TTPs to business assets.",bad
"Technical teams are unaware of threat modelling practices. Interviews show that most believe firewalls alone provide sufficient protection. No risk analysis is performed on data flows, integrations, or authentication mechanisms.",bad
"Threat modelling outputs are scattered across old documents, many over 5 years old. Modern cloud and container workloads are completely missing from analysis. No risk mitigation recommendations exist.",bad
"The organisation ignores common cyber-attack patterns when evaluating its systems. No review of TTPs, no analysis of potential exploitation paths, and no documentation supporting recovery control decisions.",bad
"Analysts do not participate in design reviews, resulting in systems deployed with unknown security weaknesses. No understanding of how attackers could pivot, escalate, or disrupt critical assets. Recovery plans lack threat context.",bad
Threat modelling is ad-hoc and uncoordinated. Teams occasionally discuss risks informally but never document them. No linkage exists between identified threats and recovery strategies.,bad
"Architectural decisions are made without evaluating cyber risks. Data stores lack classification, access paths are undocumented, and no one has analysed exploitable trust boundaries.",bad
Known vulnerabilities and insecure configurations persist for years because no threat modelling identifies them as high-risk. Recovery controls are chosen arbitrarily rather than based on actual attack likelihood.,bad
"In the absence of threat modelling, the organisation has no view of where its most critical weaknesses lie. Recovery teams cannot plan contingencies because attack vectors and likely failure points are unknown.",bad
"The organisation does not ingest any threat intelligence feeds. No monitoring of emerging threats exists, leaving recovery teams unaware of risks that could impact critical assets.",bad
"TI is treated as optional, and no processes exist for analysing external threat reports. The organisation cannot determine whether it has been previously compromised or is currently exposed.",bad
"Only outdated public threat lists are occasionally referenced. No systematic ingestion or validation occurs, making the organisation blind to active campaigns relevant to them.",bad
"There is no mechanism to correlate TI indicators with internal logs. Potential threats remain undetected, and recovery teams cannot prepare for or mitigate likely attack vectors.",bad
"Analysts lack training on threat intelligence and ignore feeds altogether. No CTI activities are conducted, and no IOC-based assessments inform recovery planning.",bad
"Despite subscribing to a paid TI service, reports go unread. No integration with SIEM, no alerting, and no use of threat insights to strengthen recovery controls.",bad
Threat intelligence findings are stored in scattered documents and never reviewed. No linkage exists between threat indicators and business-critical systems.,bad
"The organisation fails to monitor threat campaigns that target its industry. As a result, recovery strategies are misaligned with real-world threats.",bad
"There is no awareness of threat sources such as MISP, Shodan or OTX. No efforts are made to determine exposure or historical compromise. Recovery teams operate blindly.",bad
"Without threat intelligence ingestion, incident response and recovery planning rely on guesswork. Teams remain unaware of vulnerabilities, exploits, or active attacker tools relevant to their infrastructure.",bad
"No TTX exercises have been conducted within the organisation. Stakeholders have never rehearsed decision-making for cyber incidents, leaving recovery processes untested.",bad
Senior leaders are unaware of TTX practices and assume recovery teams will handle emergencies without structured discussions or simulations.,bad
"Previous attempts at TTX were informal and undocumented. No lessons learned, no action items, and no updates to recovery plans occur.",bad
There are no predefined scenarios for exercises. Teams rely on guesswork and do not understand emergency decision-making responsibilities.,bad
TTXs are cancelled frequently due to lack of engagement. Stakeholders consider them non-essential and do not participate.,bad
"No facilitators or processes exist for conducting structured TTX workshops. Discussions, when they occur, lack direction and value.",bad
Cross-team communication failures remain unaddressed because TTXs are never used to test communication and escalation procedures.,bad
Recovery plans have never been validated through simulated discussions. Leadership has no visibility on real capability gaps.,bad
"Technical assets (cloud services, workload servers, application APIs, structured databases) fully identified and monitored. Non-technical assets (key people, design IP, governance workflows, process dependencies) mapped with detailed relationships. Asset register auto-updated and cross-checked with resilience plans. Strong alignment with recovery priorities.",excellent
"Technical components (compute clusters, identity tools, integration services, data pipelines) documented with high accuracy. Non-technical components (operational processes, policy controls, documented responsibilities) mapped to functions. Regular reviews ensure no asset gaps. Strong linkage to business-critical services.",excellent
"Full inventory of core platforms, analytics tools, storage systems, and model environments maintained. People, intellectual property (IP), standard workflows, and compliance steps clearly captured. Asset criticality ratings applied across systems. Continuous discovery ensures accuracy.",excellent
"Technical stack (containers, APIs, microservices, data repositories) tracked with automated scanning. Non-technical items (process requirements, critical staff, data ownership, service methodology) catalogued with structured metadata. Documentation updated during every release cycle.",excellent
"All major technical elements (databases, encryption services, data lakes, backend tools) documented thoroughly. Non-technical assets (roles, service manuals, IP artifacts, review processes) maintained with high clarity. Strong dependency mapping supports rapid recovery.",excellent
"Technical assets including server groups, monitoring agents, code repositories, and integration layers are fully listed. Non-technical assets (decision workflows, escalation paths, internal IP, audit controls) carefully maintained. Review cycles are consistent and validated.",excellent
"Full mapping of digital infrastructure (compute, networking, storage, application layers) linked to business functions. Non-technical assets such as continuity procedures, key personnel, proprietary frameworks, and policy adherence documented with detail. Regular audits ensure completeness.",excellent
"Technical catalog covers all applications, development tools, runtime components, and core platform services. Non-technical components (team roles, operational tasks, service guidelines, IP rights) linked to operational dependencies. Strong documentation discipline maintained.",excellent
"Complete asset visibility across technical units (user systems, data tools, backend automation, security modules). Non-technical assets (functional processes, manual steps, core business roles, licensing documentation) fully mapped with high clarity.",excellent
"Technical assets (data centers, compute nodes, workloads, software engines) discovered through automated inventory systems. Non-technical assets (IP catalogs, departmental processes, staffing structure, knowledge bases) reviewed and aligned with service continuity.",excellent
Administrative recovery stakeholders are identified per asset with two trained individuals for each. Senior recovery authorities are clearly named with defined delegates and approval protocols. External partners have formal agreements with SLAs. Register is fully maintained and reviewed quarterly.,excellent
A complete stakeholder register exists with clear responsibilities. Administrative staff have rehearsed recovery procedures. Senior board members approve recovery steps with documented escalation paths. External suppliers participate in drills.,excellent
"The organisation maintains a robust, continuously updated register. Administrative teams are mapped to all critical systems. Senior decision-makers and delegates are fully documented. External providers have contract-based responsibilities and are included in all exercises.",excellent
All three stakeholder categories are fully defined. Administrative staff receive ongoing training. Senior authorities have pre-approved recovery playbooks. External partners have verified contact details and contractual obligations.,excellent
"A mature stakeholder governance model is in place. Administrative, senior, and external stakeholders have precise responsibilities linked to every critical asset. Regular updates and annual validation exercises occur.",excellent
Stakeholder responsibilities are documented at a granular level. Administrative response teams are assigned per system. Senior leadership has clear activation authority. External recovery partners participate in readiness assessments.,excellent
Stakeholder register is tightly integrated into recovery planning. Administrative roles are defined with alternates. Senior oversight includes approval checkpoints. External partners meet contractual recovery timelines.,excellent
"All stakeholders—administrative, senior, and external—are continuously updated in a central register. Responsibilities are aligned with asset criticality. External vendors participate in technical recovery testing.",excellent
Recovery exercises are conducted with involvement from all stakeholder categories. Administrative and senior roles are well-defined. External partners provide documented and validated support during drills.,excellent
"The organisation has a comprehensive, regularly audited stakeholder and responsibility register. Administrative, senior, and external stakeholders all have clear, measurable recovery obligations tied to critical assets.",excellent
"The organisation maintains a comprehensive prioritised asset register. Each asset includes defined dependencies, required sequencing, and business impact ratings. Restoration order ensures administrators regain access first, avoiding denial of service to themselves.",excellent
"A detailed criticality-based asset list defines clear recovery tiers. Identity management, network access, monitoring layers, and core databases are restored in correct sequence. The list is continuously updated and validated.",excellent
"Asset prioritisation is fully integrated into the recovery strategy. Every asset has defined priority, dependency mapping, and sequence order. Testing confirms correct restoration order avoids corruption and authentication lockouts.",excellent
"The organisation uses a maturity-level prioritised asset register. It includes technical dependencies, business impact, restoration timings, and supported recovery actions. Regular exercises validate sequencing accuracy.",excellent
"A robust prioritisation model exists balancing cost, effort, and asset value. Restoration order is meticulously documented and tested. Critical services are always restored in the proper sequence.",excellent
"The prioritised asset register includes granular restoration steps and dependency flow diagrams. Identity, network, and management layers are always restored first to avoid administrative lockout.",excellent
Prioritisation is risk-based and actively maintained. Asset order is validated through quarterly disaster recovery drills. Dependencies and sequence logic are thoroughly documented and continuously monitored.,excellent
The organisation has a multi-tiered asset prioritisation framework. Restoration order is optimised to minimise downtime and prevent system conflicts. External and internal dependencies are fully mapped.,excellent
A comprehensive sequencing guide is tied to the prioritised asset list. Systems are restored according to validated dependency chains. Incorrect sequencing risks have been fully mitigated.,excellent
"The prioritised asset register is authoritative, centralised, and continuously updated. It outlines priority levels, dependencies, restoration sequence, risk impact, and cost considerations. Recovery teams rely on it effectively during incidents.",excellent
"The organisation maintains a comprehensive recovery control register, covering all technical controls including backups, SAN/NAS storage, high availability systems, authentication, redundancy, alternate routes, and failover mechanisms. Non-technical controls such as processes, playbooks, communication plans, and escalation frameworks are fully documented and validated.",excellent
"All technical recovery controls such as offsite backups, availability zones, S3 buckets, authentication layers, and resilient network paths are catalogued. Non-technical controls include detailed recovery workflows, governance structures, and forensic readiness procedures.",excellent
"The recovery control inventory is complete and continuously updated. Technical controls include redundant environments, failover systems, storage layers, and authentication dependencies. Non-technical controls cover procedures, decision authority, documentation, and communication protocols.",excellent
"The organisation uses a mature framework to identify all recovery controls. Backups, redundancy, authentication systems, and alternate network paths are meticulously documented. Non-technical controls include governance, training, and review cycles.",excellent
"Recovery controls include multi-layer backups, high availability clusters, resilient storage, and management LANs. Non-technical controls include escalation paths, recovery playbooks, and cross-team coordination mechanisms.",excellent
"A fully integrated recovery control register exists, mapping technical controls like redundancy, storage, and authentication to non-technical controls like workflows, governance, and verification steps. All controls are tested regularly.",excellent
"The organisation has identified every technical control, including forensic lab capabilities, path diversity, failover sites, and secure storage. Non-technical controls include training, communication frameworks, and periodic review processes.",excellent
"Technical controls span backup tiers, availability zones, authentication networks, alternate routes, and system resilience. Non-technical controls include structured processes, management oversight, and validated documentation.",excellent
"All technical recovery controls are thoroughly catalogued, including cloud replication, redundant architectures, and secure authentication. Non-technical controls include documented roles, rehearsed recovery procedures, and communication guidelines.",excellent
"A complete and authoritative recovery control register exists with deep visibility into technical controls and non-technical governance. The register is actively maintained, tested, and aligned with recovery objectives.",excellent
"A comprehensive list of recovery control stakeholders exists, fully aligned with RC.IP-2. Individuals are assigned to specific controls such as backups, storage systems, authentication processes, network failovers, and forensic readiness. Each stakeholder’s role is clearly documented.",excellent
"The organisation has a well-defined group of recovery stakeholders responsible for all technical and non-technical controls. The list includes designated primary and secondary personnel, with documented expertise and authority. Stakeholders participate in regular drills.",excellent
"Recovery control stakeholders are fully mapped to recovery controls. Each stakeholder is responsible for specific tasks such as failover activation, backup validation, identity service restoration, and storage recovery. Responsibilities are continuously reviewed and updated.",excellent
A mature stakeholder register exists displaying clear ownership for every recovery control. Stakeholders are trained and aware of their duties. The list is fully integrated into recovery exercises.,excellent
"The organisation maintains a detailed, validated list of stakeholders responsible for all recovery controls. Each stakeholder is linked to control categories and specific technologies. Documentation is frequently reviewed.",excellent
"Recovery control stakeholders have well-defined responsibilities covering technical controls (backup systems, authentication, redundancy) and non-technical controls (process governance, communication). They participate actively in recovery simulations.",excellent
"The stakeholder list includes experts for each recovery control: storage engineers, authentication specialists, network failover leads, forensic analysts, and backup operators. Escalation and delegation paths are clearly documented.",excellent
"The recovery control roster is comprehensive and aligned with RC.IP-2. All stakeholders have documented authority, contact paths, substitutes, and process responsibilities. This list is validated during exercises.",excellent
"The organisation has an authoritative list of recovery stakeholders mapped to every major recovery control. They participate in drills, understand dependencies, and follow validated recovery steps.",excellent
"Recovery control stakeholders are fully documented, trained, and engaged. Their responsibilities tie directly to specific recovery controls, ensuring seamless execution during cyber incidents.",excellent
"A comprehensive integrated list maps every business continuity control to its corresponding cyber recovery control, including owners, dependencies, and activation procedures.",excellent
"Joint continuity-recovery governance framework ensures that backup sites, DR facilities, alternative communications, and IT restoration sequences are synchronized.",excellent
"Business impact analysis outputs directly feed into cyber recovery controls, ensuring aligned prioritization of systems and services.",excellent
"Continuity and recovery teams conduct fully integrated simulations where backup sites, data restoration, and service failovers work in unified workflows.",excellent
"All business continuity assets—alternate sites, redundant links, communication trees—are explicitly built into cyber recovery playbooks.",excellent
"A unified database tracks business continuity and recovery controls, showing clear mappings, interdependencies, and proof of annual testing.",excellent
Cyber incidents automatically trigger business continuity mechanisms through predefined integration rules and activation criteria.,excellent
"Redundant systems, data replication, workload shifting, and cloud failover strategies are collaboratively owned by BC and recovery teams.",excellent
"The organization maintains a synchronized BC-Recovery matrix linking every continuity capability to recovery tasks, updated after every test.",excellent
"Continuity and recovery are governed as a single integrated resilience function, with shared controls, shared metrics, and joint reporting to leadership.",excellent
"We have a comprehensive list of recovery technologies, processes, policies, and trained personnel, with regularly updated gap analysis.",excellent
"Gaps in technology, training, and procedures are documented and prioritized, and improvement projects are actively underway.",excellent
"The organization performs structured capability assessments covering technology, processes, policies, and human skills, with clear remediation plans.",excellent
We have fully documented recovery capabilities and a detailed skills and technology gap analysis updated every quarter.,excellent
"Recovery capabilities across people, process, and technology are mapped, and all gaps have mitigation plans or compensating controls.",excellent
"All recovery tools, policies, and procedural capabilities are cataloged, with training programs and gap closure timelines.",excellent
"Recovery readiness assessments are integrated into audits, ensuring capability gaps and education needs are continuously monitored.",excellent
"The organization has established robust recovery capabilities with advanced tools and structured training programs, and known gaps are addressed promptly.",excellent
"A centralized register tracks all recovery capabilities and all identified gaps with owners, deadlines, and monitoring metrics.",excellent
"Capabilities across technology, process, policy, and personnel are optimized, and gap assessments drive strategic investments in recovery resilience.",excellent
"A comprehensive register detailing all legal, regulatory, environmental, and operational requirements is maintained with high accuracy. Every directive is reviewed on a fixed schedule. Responsibilities and escalation paths are mapped clearly.",excellent
"The organization documents all applicable regulations and mandates with full ownership assigned. Disclosure timelines, regulator contacts, and reporting sequences are tracked. Environmental and operational requirements fully mapped.",excellent
"A complete set of regulatory, legal, environmental, and operational directives is cataloged. Documentation includes notification templates, reporting procedures, and escalation owners. Updated quarterly.",excellent
"Every applicable law and directive is documented and linked to communication workflows. Environmental, legal, operational, and compliance obligations are validated through audit cycles. Reporting paths are clear and rehearsed.",excellent
"The regulatory register covers provincial, governmental, and compliance-based directives with full traceability. Reports, notifications, and required announcements are pre-defined and automated. Ownership clearly documented.",excellent
"All directives relevant to operations, legal requirements, environmental regulations, and compliance mandates are mapped and version-controlled. Documentation is reviewed regularly and tied to recovery planning.",excellent
"Comprehensive documentation exists for all regulatory and legal requirements, with clear assignment of responsibilities. Environmental obligations and operational mandates are integrated into incident workflows.",excellent
"The organization maintains a live regulatory tracking system mapping all directives to communication requirements. Environmental reporting, legal notifications, compliance obligations, and escalation paths are fully documented.",excellent
"A structured compliance repository covers all regulatory requirements, mandatory reporting, environmental rules, and operational directives. Review cycles are automated and owners follow strict update procedures.",excellent
"Legal, regulatory, operational, and environmental directives are cataloged in detail. All reporting obligations, disclosure timelines, regulator contacts, and compliance expectations are fully documented and continuously monitored.",excellent
"We maintain a complete, validated recovery sequence starting from identity management and access control, followed by storage, network, and service layers.",excellent
"All recovery steps are mapped, tested, and sequenced with dependency charts. Restoration begins with authentication and admin access, ensuring smooth recovery.",excellent
"A fully documented, dependency-linked recovery order exists. Includes identity, storage, network, middleware, apps, logs, and validation steps.",excellent
"Recovery sequencing is rehearsed regularly. Teams follow a strict order: access systems first, storage second, then application stack. No guesswork.",excellent
"We maintain a comprehensive restoration sequence covering all systems including backup validation, access services, data layers, and remote management controls.",excellent
The recovery order is mapped with technical flowcharts showing critical dependencies. Restoration is automated in some stages to prevent mis-sequencing.,excellent
Every system's recovery order is documented with mandatory checkpoints to avoid data corruption. Authentication and administrative controls restored first.,excellent
"A detailed step-by-step sequence ensures backup integrity, access availability, and application stability. Tested during exercises and real incidents.",excellent
"We maintain a full restoration roadmap linking infrastructure layers, applications, and remote access systems. Sequencing verified through audits.",excellent
"Recovery sequence documentation includes timing, order, dependencies, pre-checks, data integrity checks, and cross-team responsibilities. Highly mature process.",excellent
"A complete asset inventory exists with full configuration details and documented interdependencies for all systems, including mission-critical assets.",excellent
"An up-to-date interdependency map covers application, network, storage, and authentication layers. Recovery analysts have total visibility.",excellent
All service relationships are captured with upstream and downstream dependency charts. Includes configuration metadata and version history.,excellent
Interdependencies documented with detailed diagrams showing cross-domain communication paths and recovery sequencing. Regularly reviewed.,excellent
"The organization maintains a comprehensive mapping of all service-to-service connections, infrastructure components, and operational links.",excellent
"A centralized inventory system records assets, configurations, dependency flows, and resilience links. Updated automatically using discovery tools.",excellent
"Every system has documented dependencies including APIs, data pipelines, authentication paths, and storage layers. Clear structure for recovery planning.",excellent
"Mission-critical systems have deep-dive dependency maps, validated through simulation exercises. Interdependency failures are predictable and manageable.",excellent
"Interdependency documentation includes diagrams, configuration descriptions, and real-time relationship tracking. Supports fast recovery with zero guesswork.",excellent
"All assets and their interconnections are cataloged, visualized, and tied to restoration sequences. Analysts and external providers rely on the same authoritative map.",excellent
"A comprehensive CMDB captures full functional and security dependencies for every system. Auto-discovery, dependency mapping, and continuous auditing ensure real-time accuracy. All changes trigger immediate updates.",excellent
"Complete end-to-end functional flow diagrams show how each service interacts, along with detailed security dependencies including IAM, certificates, MFA, encryption standards, and monitoring hooks.",excellent
"Dependency mapping is fully automated and integrated with change management. Every system’s functional and security dependencies are tracked, validated, and continuously reviewed for accuracy.",excellent
"The organization maintains a complete, verified dependency map showing all functional interactions and security requirements. CMDB integrates with discovery tools, SIEM, IAM, and orchestration systems.",excellent
Real-time scanning and configuration auditing ensure all functional and security dependencies are accurate. Recovery teams use the dependency map as a primary source for planning and execution.,excellent
"All assets, their configurations, and dependency chains (functional + security) are cataloged in a centralized system with strict governance. Updates occur instantly through automation pipelines.",excellent
"Security dependencies such as authentication flows, authorization layers, encryption libraries, and certificate hierarchies are fully mapped alongside functional dependencies with zero gaps.",excellent
"Cross-team workflows ensure every application’s functional and security dependencies are validated before deployment. CMDB auto-updates, guaranteeing always-accurate dependency recordings.",excellent
"Dependency mapping extends across cloud, on-prem, and hybrid systems. Every service’s functional behavior and security mechanisms are captured, monitored, and tied to recovery procedures.",excellent
"The CMDB includes detailed multi-layer dependencies: functional, security, network, data, and integration interfaces. Automated audits ensure no stale entries, supporting fast and accurate recovery.",excellent
"A fully developed Cyber Continuity of Operations Plan (COOP) is in place, covering architect-to-protect, secure administration, device hardening, backup strategies, and end-to-end recovery workflows. It is actively maintained, version-controlled, and continuously tested in realistic simulations.",excellent
"The organization has a mature, comprehensive COOP that defines how to survive during an active cyber attack and recover to acceptable service levels. The plan is integrated with security controls, resilience architecture, and continuous backup validation.",excellent
"Recovery planning is fully embedded into the organization’s cyber resilience framework. It includes detailed guidance for secure administration, hardened device baselines, and rapid restoration procedures validated through frequent tabletop and live exercises.",excellent
"The COOP includes advanced resilience strategies, automated backup checks, authentication protection policies, and cross-team coordination. Recovery steps are executed flawlessly during incidents due to regular training and pre-tested workflows.",excellent
"A multi-layer recovery plan covers preparation, survival, and post-incident restoration. Architect-to-protect, access control, device hardening, and backup architectures are integrated into a cohesive COOP with zero outdated components.",excellent
"The organization maintains real-time COOP updates through automated configuration and backup monitoring systems. High-fidelity recovery simulations validate every control, ensuring readiness for real-world cyber attacks.",excellent
"The COOP includes detailed runbooks, decision trees, fallback procedures, continuous monitoring, and automated failover strategies. Full-scope exercises ensure both technical and non-technical teams are recovery-ready.",excellent
"Cyber resilience planning is deeply institutionalized. The COOP covers full lifecycle recovery, including mitigation, survival during attack, and restoration of services. Every element is tested, audited, and improved quarterly.",excellent
"The recovery plan is comprehensive, integrating cyber resilience architecture, secure administration, hardened endpoints, and multi-site backup strategies. Recovery is rapid and predictable due to automation and rigorous practice.",excellent
"A world-class COOP aligns with best-practice frameworks and includes detailed steps for restoring all systems at acceptable service levels. Continuous training, frequent simulations, and automated controls ensure maximal recovery readiness.",excellent
"Recovery processes and procedures are fully up to date, version-controlled, and validated through frequent, realistic exercises. After-action reviews are mandatory, and updates are implemented immediately, ensuring continuous improvement.",excellent
"The organization conducts rigorous testing of recovery processes, including scenario-based simulations and live failover exercises. Recovery procedures are updated instantly after lessons learned, ensuring maximum readiness.",excellent
"A mature testing cycle ensures all recovery processes work flawlessly. Every procedure is reviewed after incidents, infrastructure changes, and quarterly audits. The organization uses metrics to measure recovery effectiveness.",excellent
"Recovery documentation is comprehensive, highly detailed, and integrated with recovery playbooks. Procedures are validated through cross-team collaboration, red-team simulations, and automated testing frameworks.",excellent
"All recovery processes follow a continuous improvement lifecycle: plan, test, analyze, update. Lessons learned are logged, prioritized, and incorporated rapidly. The organization maintains near-zero recurrence of procedural failures.",excellent
Recovery procedures are aligned with best practices and industry standards. Real-time monitoring ensures outdated steps are flagged automatically. Teams undergo regular training and drills to maintain operational confidence.,excellent
"The organization maintains an advanced recovery testing program, including multi-system simulations and end-to-end business continuity validation. Procedures are kept perfectly current with system changes.",excellent
"Recovery processes are highly granular, covering technical, business, and communication workflows. They are tested monthly in different scenarios, and updates are driven by detailed analytics and performance data.",excellent
"An enterprise-level recovery governance model ensures all procedures are consistently updated. Automated workflows guide teams through recovery steps during incidents, reducing the possibility of human error.",excellent
"A world-class recovery program ensures all processes and procedures are validated under stress conditions, updated instantly after each review, and integrated seamlessly with recovery playbooks and system dependencies.",excellent
"A complete and well-maintained list of external entities exists, covering national recovery centres, call-off partners, service providers, and data centre contacts with full communication details.",excellent
"All external entity contacts include primary, secondary, and escalation points, with secure lines, after-hours numbers, and emergency notification instructions clearly documented.",excellent
"External contacts are stored in a version-controlled system integrated with recovery playbooks, ensuring instant access during any incident.",excellent
"The organization maintains a highly detailed communication directory with validated names, emails, secure phones, paging systems, and emergency contact chains.",excellent
"All external recovery partners undergo periodic verification drills to confirm contact accuracy, ensuring readiness during real incidents.",excellent
The external contact list is reviewed quarterly and updated immediately after any vendor or contract change. Accuracy is consistently near 100%.,excellent
"External support details include documented roles, responsibilities, and response timelines, ensuring seamless coordination during recovery.",excellent
"The contact list is integrated with automated notification tools that trigger multi-channel alerts (email, SMS, secure phone) to external entities.",excellent
"Data centre operators, service providers, and recovery contractors are all catalogued in a structured, searchable format with complete contact metadata.",excellent
"The organization maintains a gold-standard external contact registry with redundant communication paths, real-time updates, and cross-team accessibility.",excellent
"The organization maintains a complete and highly reliable OOB communication environment, including fully configured iLO/IPMI, separate networks, and secure messaging channels.",excellent
"A comprehensive recovery communication plan exists, detailing how all stakeholders—internal, external, and regulatory—are contacted and escalated during recovery operations.",excellent
OOB communication channels are tested quarterly and validated to ensure continuity even if the entire corporate network is compromised.,excellent
"The crisis communication plan and cyber recovery communication plan are fully integrated, covering internal messaging, regulatory notifications, press statements, legal alerts, and HR procedures.",excellent
"All recovery communication steps are automated where possible, triggering predefined alerts to service providers, hosting partners, and internal leadership.",excellent
"The organization maintains encrypted, dedicated recovery communication devices and accounts that remain offline until activated during incidents.",excellent
"Communication roles and responsibilities are clearly assigned, with redundant backups for each stakeholder group to ensure continuous coordination.",excellent
"The plan includes well-detailed SOPs for external announcements, internal communications, and coordinated messaging with recovery vendors.",excellent
"The OOB system includes multi-layer failover communication channels, including secure chat, satellite phones, and isolated management networks.",excellent
"Recovery communication procedures are rehearsed during full-scale recovery simulations, ensuring readiness and smooth execution under real conditions.",excellent
"A fully automated CMDB accurately tracks 100% of infrastructure, including cloud, on-prem, SaaS, and network devices. Real-time dependency mapping provides both functional and security relationships. Recovery playbooks are version-controlled and tested quarterly.",excellent
"The organisation maintains a mature Cyber COOP integrating crisis communication, recovery workflows, technical failover procedures, and executive escalation. Annual full-scale DR simulations are conducted involving internal and external stakeholders.",excellent
"Backups are encrypted, geographically distributed, and tested every week using automated restore validation. Immutable storage is used for critical workloads. All restore requests follow a documented workflow with audit logs.",excellent
"All recovery processes and procedures are continuously improved through structured post-incident reviews. Lessons learned are incorporated into the central knowledge portal, which supports tagging, versioning, and stakeholder notifications.",excellent
"Out-of-band communication systems include satellite phones, isolated management networks, and hardware console access (iLO/IPMI). All team members are trained on switching to OOB during high-severity incidents.",excellent
"Every critical application has a detailed recovery playbook including RTOs, RPOs, dependency diagrams, authentication methods, failover steps, fallback and rollback instructions, and vendor contacts. Playbooks are tested during semi-annual exercises.",excellent
"External entities such as DR vendors, telecom providers, and cloud recovery partners have verified SLAs. Contact details are stored in secure, redundant directories accessible even during severe outages.",excellent
"Security hardening standards are fully automated using configuration enforcement tools. Any drift generates alerts. All systems meet baseline requirements, and recovery systems inherit hardened templates.",excellent
"The organisation uses advanced monitoring to track recovery readiness, including backup health, system state, dependency health, failover endpoint availability, and communication reliability. Reports are generated monthly.",excellent
"A culture of recovery excellence exists. All departments participate in cyber-recovery drills. Recovery knowledge is shared through formal seminars, lunch-and-learn sessions, and interactive platforms. Every incident results in measurable improvement.",excellent
"The organisation maintains multiple geographically distributed alternate sites, each with full operational readiness and continuous replication. Hot-standby storage provides near-instant failover.",excellent
A dedicated backup ISP wide-area link automatically activates during outages. Routing protocols support seamless failover without service disruption.,excellent
Contingency plans include fully isolated pre-production environments that can operate as emergency processing zones. Data synchronisation occurs securely and continuously.,excellent
"Backups exist in multiple offsite locations, including immutable cloud storage. Automated verification validates restore integrity daily.",excellent
"Organisational recovery uses secret communication paths, encrypted OOB channels, and isolated recovery networks accessible only to trained staff.",excellent
"Alternate routes for WAN, LAN, and inter-site connectivity are fully redundant. Continuous monitoring assures failover performance and path health.",excellent
"A documented catalogue of contingency measures includes alternate sites, alternate storage, redundant infrastructure, and fallback compute clusters.",excellent
Automated failover between environments is tested quarterly. All users are trained to switch communication methods during outages without delay.,excellent
Synchronous replication ensures data consistency across hot-standby storages. Pre-approved recovery procedures detail every step of activating contingency systems.,excellent
"Recovery readiness includes multiple contingency layers: cloud failover, cross-region replication, emergency workspace access, and pre-configured backup communication frameworks.",excellent
"The decision-making protocol is fully documented, regularly tested, and integrated with recovery and crisis management structures. Senior Responsible Officers and alternates are clearly defined, with 24/7 availability.",excellent
"A detailed authority matrix outlines precise recovery permissions for each role. Recovery Command structures include primary, secondary, and tertiary commanders ensuring uninterrupted decision continuity.",excellent
Decision pathways are validated through quarterly exercises. All stakeholders—including executives—participate in scenario-based simulations to confirm readiness and response timing.,excellent
"The organisation maintains an emergency governance structure with predefined escalation triggers, automated notifications, and clear approval checkpoints for all recovery actions.",excellent
"A comprehensive playbook lists every decision authority for technical, operational, legal, and communication steps. Alternates are fully trained and briefed for seamless transitions.",excellent
Real-time decision support tools assist SROs in choosing recovery options during incidents. Protocols integrate with business continuity and crisis communication plans.,excellent
"Cross-functional decision-making teams are pre-assigned, with clear authority over restoration sequencing, failover activation, and risk acceptance decisions.",excellent
All stakeholders—including vendors—are aligned with the decision-making framework. Response authority and escalation procedures are contractually documented and tested.,excellent
"Decision-making responsibilities are continuously reviewed and updated based on lessons learned, incident reports, and changes in organisational structure.",excellent
The protocol ensures that no single point of failure exists in decision authority. Redundant command roles and automated escalation ensure immediate approvals during emergencies.,excellent
"Cyber wargaming is embedded into recovery planning. The organisation runs regular, realistic, attacker-centric scenarios including nation-state threat, ransomware, and supply-chain compromise, and tracks recovery gaps rigorously.",excellent
"Recovery strategy is continuously stress-tested through red-team-led wargames. Attack scenarios are realistic and include advanced threat actors. Findings are captured, ranked, and remediated.",excellent
"A formal wargaming program exists with high-fidelity simulations, detailed threat models, key stakeholder involvement, and post-exercise reporting to senior leadership.",excellent
"The organisation uses live-fire tabletop and hybrid exercises. Scenario-based wargames uncover deep recovery gaps, and lessons learned directly shape recovery plan updates.",excellent
"Recovery capability is validated via repeated scenario-based cyber wargaming, covering multiple threat vectors, technology stacks, and business processes. Mitigation and remediation workflows are improved accordingly.",excellent
"Wargaming frameworks are maintained, updated, and integrated with threat intelligence. Recovery controls are validated against threat actor tactics, techniques, and procedures (TTPs).",excellent
"Realistic, adversarial cyber wargames are conducted multiple times a year. External recovery providers, business units, and IT teams actively participate. Results feed into recovery playbooks.",excellent
"Each wargame produces a detailed report with prioritized recovery gaps, recommended control improvements, and a roadmap for strengthening resilience. These insights are shared with all recovery stakeholders.",excellent
"Threat modelling for wargaming is data-driven, using real threat intelligence. Recovery measures are stress-tested for both common and highly targeted attack scenarios.",excellent
"Scenario-based cyber wargaming is institutionalized. Every recovery plan update is preceded by a wargame. Lessons from each exercise are captured, validated, and translated into playbook changes.",excellent
"The organisation uses a fully defined impact rating scheme aligned with industry standards (e.g., NCSC/NIST). Each impact level has clearly mapped and pre-approved recovery options.",excellent
"A comprehensive impact classification matrix is maintained and includes operational, financial, legal, and reputational consequences. Recovery actions are precisely defined for each impact tier.",excellent
Impact assessment is embedded within incident response and recovery workflows. All teams use the same data-driven impact rating to initiate recovery procedures.,excellent
The organisation maintains a detailed list of potential impacts mapped to step-by-step recovery options. These are regularly reviewed and validated in exercises.,excellent
"A multi-dimensional impact scheme is used, combining criticality, urgency, asset value, and business dependency. Recovery actions are automatically triggered based on the assigned impact.",excellent
"Impact classification is integrated with wargaming, testing, and recovery planning. Each exercise refines the mapping between impact levels and recovery strategies.",excellent
"The organisation maintains a living document of potential impacts, each with clearly defined technical and business recovery actions, escalation paths, and required resources.",excellent
"Impact scheme is consistently applied across all departments. Each impact level has pre-approved response timelines, communication protocols, and restoration priorities.",excellent
"Impact assessment is quantitative, risk-driven, and aligned with business continuity requirements. Recovery options are prioritized based on severity and cost-benefit analysis.",excellent
"The organisation uses a standardized impact scheme audited annually. Every potential impact scenario has a corresponding, validated recovery plan tested through simulations.",excellent
"A comprehensive, fully documented list of recovery processes exists, covering backup restoration, ISP failover, route switching, alternate site activation, and continuity operations.",excellent
"Recovery processes include automated failover paths, monitored restoration steps, and clearly defined escalation flows across all service tiers.",excellent
Each recovery process is mapped to specific incident types. Teams follow step-by-step procedures validated through regular exercises.,excellent
"Cyber security monitoring is embedded into every recovery workflow, providing real-time intelligence on service stability and potential reinfection.",excellent
"The organisation integrates SLA, OLA, and KPI measurement into recovery operations, using metrics to decide whether to operate at reduced capacity or suspend services.",excellent
"Recovery processes include coordinated notifications, escalation protocols, and regulatory disclosure workflows aligned with legal requirements.",excellent
"Alternate ISP, route, and site switching processes are automated and have been validated through multiple recovery simulations.",excellent
"The recovery process library is updated regularly, version-controlled, and reviewed after each exercise or real incident.",excellent
"Recovery workflows span technical, business, and communication domains, ensuring fully synchronized recovery across the organisation.",excellent
"All recovery processes are part of an integrated playbook with detailed instructions, responsible teams, expected timelines, fallback options, and validation checks.",excellent
"The organisation maintains a comprehensive list of planned response activities covering containment, eradication, communication, escalation, and monitoring.",excellent
"Each response activity is mapped to specific incident types, with detailed instructions, responsible roles, and required timelines.",excellent
"Planned responses include automated containment steps, predefined blocking rules, and coordinated restoration triggers.",excellent
"The response playbook integrates technical, business, legal, and communication actions ensuring consistent cross-team coordination.",excellent
"Response activities include forensic capture, evidence handling, and secure data preservation aligned with regulatory expectations.",excellent
All planned responses are regularly tested through simulations and updated after each exercise and real incident.,excellent
"The organisation defines structured escalation pathways, ensuring the right authority approves response and recovery actions.",excellent
"Planned responses include alternative workflows for system failure, network outage, and backup pathway activation.",excellent
"The response plan includes continuous monitoring during and after recovery, ensuring early detection of reinfection.",excellent
"All planned response activities are part of a unified, version-controlled cyber recovery playbook with step-by-step actions.",excellent
"Recovery operations are fully automated with orchestrated workflows covering infrastructure, databases, middleware, and user services. Dependency mapping updates dynamically as systems change.",excellent
"The organization maintains a mature cyber-resilience program, integrating incident response, recovery planning, business continuity, and crisis communication under unified governance.",excellent
"Backup architecture uses immutable stores, multi-region replication, continuous validation, and automated failover testing. All recovery events are logged with audit trails.",excellent
Recovery playbooks are deeply integrated into operational pipelines. Code changes automatically update relevant recovery procedures and trigger review cycles.,excellent
Operational teams run quarterly live-fire recovery simulations with cross-department participation. Metrics from simulations feed into leadership dashboards to track readiness.,excellent
"All recovery communication channels—email, messaging, satellite phones, and isolated management portals—are pretested and maintained with secure access controls.",excellent
"Detailed recovery plans exist for every customer-impacting service, including rollback steps, alternate procedures, vendor contacts, and expected recovery windows.",excellent
"External partners are fully incorporated into recovery scenarios. SLAs, escalation contacts, and joint testing schedules are aligned with the organization’s resilience strategy.",excellent
"A robust knowledge portal contains curated recovery guides, design decisions, lessons learned, dependency diagrams, and technical FAQs. All updates are peer-reviewed.",excellent
"Recovery culture is embedded across the enterprise. Teams proactively report gaps, propose improvements, and run micro-drills to strengthen readiness. Leadership reinforces resilience through continuous training.",excellent
"The organization uses automated restoration pipelines that rebuild servers, applications, and configurations exactly from version-controlled templates, ensuring perfect alignment with pre-incident baselines.",excellent
"Advanced validation tests compare real-time performance metrics before and after recovery, ensuring full functional, load, and stress compliance before user access is restored.",excellent
"Immutable backup chains provide guaranteed recovery points. Logs, snapshots, and system states are automatically checked for integrity before restoration begins.",excellent
"Automated configuration drift detection tools verify restored systems against golden images, ensuring full compliance across OS, middleware, and application layers.",excellent
"Post-restoration quality gates ensure systems pass operational health checks, security controls, and service-level benchmarks before they are released for production use.",excellent
"Machine-learning–driven anomaly detection is used to compare pre-incident and post-incident system behavior, identifying subtle performance deviations.",excellent
"Recovery teams maintain a detailed testing matrix covering integration tests, dependency mapping checks, and transaction validation to confirm full functional restoration.",excellent
Every restored system undergoes audit logging review to ensure that no hidden corruption or unauthorized activity persists after recovery.,excellent
"Critical applications are restored using IaC blueprints, and performance tests are orchestrated through continuous delivery pipelines, ensuring consistent results every time.",excellent
"A mature fix-restore-test culture exists. Detailed reviews, continuous improvement cycles, and automated benchmarking ensure recovery returns systems to optimal state, not just functioning state.",excellent
"A structured adaptation program continuously integrates new recovery TTPs, informed by global threat intelligence, red-team simulations, and industry research. Playbooks evolve monthly, incorporating advanced attacker behaviors and defensive countermeasures.",excellent
"Architectural designs emphasize adaptability, using container orchestration, multi-zone redundancy, auto-scaling, and distributed clustering to maintain service continuity even under advanced cyber-attacks.",excellent
"Recovery procedures are fully integrated into CI/CD pipelines. Any infrastructure code change automatically triggers updates to recovery playbooks, ensuring constant alignment with real-time architecture.",excellent
Dedicated resilience engineers evaluate new adversarial techniques and proactively redesign recovery flows to counter anticipated attack vectors before they materialize.,excellent
Recovery testing includes chaos-engineering-based fault injection and adversarial simulation to ensure systems adapt dynamically to unexpected disruptions.,excellent
The organization uses machine-learning-driven analytics to identify required updates to recovery TTPs based on patterns observed across global cyber events.,excellent
"Adaptation is embedded into governance processes. All incidents generate structured updates to controls, architecture, and playbooks, ensuring continuous learning and evolution.",excellent
"Modern recovery frameworks are used to build systems deliberately resilient to failure, including parallel execution paths, multi-threaded recovery actions, and automated fallback mechanisms.",excellent
"The organization regularly adopts emerging defensive technologies—such as zero-trust segmentation, self-healing infrastructure, and intelligent orchestration—into recovery practices.",excellent
"A culture of proactive adaptation ensures every team participates in improving recovery resilience. The enterprise evolves faster than adversaries, maintaining readiness against advanced, unpredictable threats.",excellent
"Recovery SLAs and OLAs are fully defined, version-controlled, and aligned across all business units. RTOs are validated through live simulations and adjusted based on performance data.",excellent
"The organisation uses data-driven modelling to set achievable RTOs, factoring in system complexity, backup architecture, dependency graphs, and threat scenarios.",excellent
All SLAs incorporate multiple service tiers with clearly defined downtime tolerances. OLAs between teams are measured continuously through real-time dashboards.,excellent
"RTOs are adaptable and recalculated dynamically based on infrastructure conditions, such as failover health, replication status, and workload distribution.",excellent
"Recovery objectives are tightly integrated into incident response playbooks, enabling precise decision-making about when recovery should start and when contingency plans must be activated.",excellent
"Advanced forecasting models estimate recovery feasibility for extreme scenarios like full SAN encryption, ensuring SLAs remain realistic and aligned with worst-case threats.",excellent
"Internal and external SLAs are synchronised with cloud providers, DR partners, and software vendors, ensuring end-to-end alignment of recovery expectations.",excellent
"The organisation conducts quarterly SLA/OLA audits, incorporating improvements from post-incident analysis, red-team exercises, and threat intelligence updates.",excellent
"Comprehensive OLA structures define cross-team dependencies, escalation paths, and coordinated recovery timelines, enabling highly predictable restoration outcomes.",excellent
"A mature SLA culture exists. Business leaders, IT teams, and security operations collaborate to set, validate, and refine RTOs that are both technologically feasible and strategically aligned.",excellent
"A fully automated, real-time asset intelligence platform tracks hardware, software, cloud workloads, and IAM dependencies. Recovery workflows adapt dynamically to system health and threat telemetry.",excellent
"Disaster recovery orchestration tools automate failover, failback, and validation. Quarterly simulations involve SOC, NOC, executives, and third-party providers, ensuring operational alignment.",excellent
"Immutable, encrypted backups are stored across multiple geographic zones and validated weekly using automated restore pipelines. Recovery reliability consistently exceeds 99%.",excellent
"All recovery documentation is version-controlled, peer-reviewed, and automatically updated when infrastructure changes. Lessons learned are continuously integrated.",excellent
"OOB communication capabilities include isolated VoIP, secure texting platforms, emergency radios, and private cloud-based communication hubs. Switching to OOB is practised regularly.",excellent
"Every application has a full resilience profile, including architecture diagrams, data flow maps, recovery tier classification, authentication details, and cross-region failover procedures.",excellent
"Third-party recovery SLAs are closely monitored using automated scripts that pull availability, response time, and escalation metrics from vendor dashboards.",excellent
All systems adhere to automated hardening baselines enforced through configuration-as-code. Any deviation triggers alerts and is auto-remediated.,excellent
"Advanced monitoring correlates backup health, configuration drift, dependency availability, and incident telemetry to produce a real-time recovery readiness index.",excellent
"Recovery excellence is embedded culturally. Teams run scenario-based exercises monthly, track performance analytics, and implement measurable improvements after each drill.",excellent
"The organisation maintains a comprehensive recovery objectives report aligned with Cyber COOP, covering mission-critical processes, RTO/RPO values, service degradation thresholds, and stakeholder communication flows. Objectives are continuously validated through simulations.",excellent
"Recovery objectives include fully defined activation criteria for failover, automated continuity processes, and multi-region service restoration strategies. Business leaders review objectives quarterly to ensure alignment with evolving risk.",excellent
"Data recovery strategies are deeply integrated into objectives, including immutable backups, cross-zone replication, and automated restore verification. Recovery success metrics exceed industry benchmarks.",excellent
"Objectives clearly define recovery phases, stakeholder responsibilities, evidence capture requirements, and performance thresholds for restored systems. These objectives are embedded across team workflows.",excellent
"Recovery objectives dynamically adapt based on threat intelligence, system telemetry, and dependency mapping. Real-time dashboards display current recovery capability against defined objectives.",excellent
"The organisation sets measurable resilience outcomes, including guaranteed restoration timelines for all critical services. Rigorous exercises validate that objectives remain achievable under worst-case scenarios.",excellent
"Cyber COOP execution triggers predefined recovery objectives that integrate communication hierarchies, regional failover steps, and distributed team activation. All objectives are version-controlled and tested.",excellent
"Recovery objectives include structured fallback and rollback expectations, ensuring that restored systems meet both technical integrity and business continuity requirements.",excellent
"Stakeholder reporting objectives specify detailed escalation paths, notification intervals, and evidence-based restoration confirmation. Automation ensures objectives are consistently met.",excellent
Every recovery objective is tied to quantifiable KPIs and validated through continuous testing. Lessons learned automatically update objective documents to maintain ongoing relevance and readiness.,excellent
"Post-recovery debriefs are comprehensive and data-driven, analysing KPIs, SLAs, OLAs, RTO achievements, communication efficiency, control effectiveness, and recovery playbook accuracy in a single integrated report.",excellent
"Metrics dashboards automatically compare planned vs. actual recovery performance, generating insights on bottlenecks, human delays, and automation gaps. Findings directly update the playbook.",excellent
"All recovery runs undergo evidence-based evaluation using log analytics, telemetry, and real-time monitoring outputs. Every deviation from plan is tracked to closure.",excellent
"Stakeholder communication is evaluated with time-stamped metrics, measuring message delay, clarity, and participation. Results feed into communication workflow optimisation.",excellent
"Runbook relevance is assessed after each incident, ensuring every step remains accurate, validated, and aligned with evolving infrastructure and threat patterns.",excellent
"KPIs for service restoration performance, data consistency, system latency, and user accessibility are analysed using automated health checks and post-recovery benchmarks.",excellent
"Cross-team collaboration is evaluated through structured heat-maps highlighting handoff delays, response gaps, and coordination strengths. Improvements follow immediately.",excellent
"Recovery tool performance is measured using telemetry-driven efficiency scoring, identifying underperforming systems and prioritising upgrades.",excellent
"Post-recovery review cycles integrate threat intelligence, identifying whether adversary techniques impacted control effectiveness and adjusting defence strategies accordingly.",excellent
"An enterprise-wide resilience board reviews all post-recovery indicators monthly, ensuring continuous optimisation of recovery controls, playbooks, SLAs, and performance metrics across all business functions.",excellent
"Stakeholders demonstrate comprehensive understanding of all recovery stages. Interviews show consistent familiarity with documentation, escalation chains, and technical playbooks, all of which are updated quarterly.",excellent
"Recovery interviews indicate a highly coordinated environment with clear ownership of each step. Staff regularly participate in structured workshops, and training ensures consistent proficiency across all roles.",excellent
"Every recovery stakeholder has well-defined responsibilities. Redundant communication methods are in place, and all team members are trained to switch seamlessly during severe outages.",excellent
"Documentation is complete, version-controlled, and easily accessible. Interviews confirm that personnel not only know where the documents are stored but also actively participate in refining them after exercises.",excellent
"Recovery stakeholders follow mature processes reinforced by continuous education programs. All teams understand dependencies, restoration priorities, and how to escalate issues through formal channels.",excellent
"Quarterly recovery simulations include internal and external teams. Stakeholders show strong understanding of cross-team interactions, demonstrating predictable and reliable recovery coordination.",excellent
"All interviewees clearly articulate their responsibilities, recovery timelines, and expected outcomes. Knowledge gaps are minimal due to regular refresher sessions and peer review practices.",excellent
"Stakeholders reference detailed runbooks and dependency maps during discussions. They understand both technical and business impacts, and can respond effectively without supervision.",excellent
"Communication flows are well-established and familiar to all participants. Interviews confirm consistent use of out-of-band methods during high-severity incidents, demonstrating operational discipline.",excellent
"Stakeholders display expert-level knowledge of recovery processes, including advanced scenarios and fallback strategies. Continuous improvement culture ensures rapid integration of lessons learned.",excellent
"A comprehensive threat modelling program covers 100% of systems, including cloud, on-prem, IoT, and third-party integrations. Using methodologies like STRIDE and MITRE ATT&CK mapping, analysts evaluate every trust boundary, data flow, and potential attack path. Findings feed directly into automated risk dashboards.",excellent
Threat models are updated for every major architectural change. All designs undergo adversarial simulations and are benchmarked against modern TTPs. Recovery contingencies are built directly from modelling outputs and validated during exercises.,excellent
"The organisation produces detailed threat modelling reports covering attack trees, misuse cases, entry vectors, escalation paths, and resilience weaknesses. Recovery analysts use these models to map critical systems to fallback strategies and failover sequences.",excellent
"System security design reviews incorporate behavioural modelling, red-team intelligence, and historical incident insights. Threat results are prioritised with risk scoring and drive both mitigation planning and recovery runbook updates.",excellent
"Models cover advanced threats such as supply chain compromise, session hijacking, credential replay, ransomware propagation paths, and cloud misconfiguration exploitation. Recovery controls directly align with each threat scenario.",excellent
"Threat modelling is continuous, automated, and integrated with CI/CD pipelines. Real-time attack surface data helps teams understand where vulnerabilities exist and how recovery must be triggered under different attack conditions.",excellent
"Every system component has linked threat models, from user interfaces to backend services, including internal APIs and microservices. Analysts simulate attack chains to validate whether recovery controls would effectively reduce impact.",excellent
"The organisation uses architecture graphing tools to maintain live dependency and trust-boundary maps. Threat modelling incorporates business impacts, recovery timelines, and backup integrity considerations.",excellent
"Recovery analysts and cybersecurity architects collaborate to evaluate how threats influence recovery operations, ensuring fallback, isolation, and containment steps remain effective even against advanced threat actors.",excellent
"Threat modelling findings are fully integrated into organisational governance. Executive reports summarise high-risk scenarios, resilience gaps, and recommended recovery investments, enabling continuous resilience improvement.",excellent
"A mature CTI program ingests real-time TI feeds from OSINT, commercial services, sector-specific ISACs, sandbox analysis, and dark web monitoring. All data is automatically correlated with internal telemetry.",excellent
"The organisation uses automated TI enrichment within its SIEM. Correlated alerts directly inform recovery workflows, isolating affected systems and guiding failover decisions.",excellent
Dedicated CTI analysts produce weekly intelligence briefs mapping threats to MITRE ATT&CK. Recovery teams directly incorporate these insights into resilience tests and playbook updates.,excellent
"TI ingestion covers IP reputation, malware signatures, vulnerability intelligence, adversary infrastructure tracking, credential dumps, and active exploitation campaigns. Recovery processes adapt dynamically.",excellent
"Threat intelligence drives predictive analysis, forecasting likely threat scenarios. These forecasts help recovery planners simulate impact and refine contingency strategies.",excellent
"IOC ingestion is fully automated and linked to endpoint, identity, and network controls. High-risk intel triggers pre-approved recovery actions such as isolation, backup validation, and integrity checks.",excellent
"Threat intelligence reports highlight industry-specific threat actors, their techniques, and likely impacts. Recovery strategies are continuously improved to stay aligned with evolving adversary behaviour.",excellent
"TI systems integrate with cloud and on-prem infrastructure, scanning for exposures in real time. Recovery teams receive tailored alerts with recommended fallback measures.",excellent
"CTI outputs are incorporated into resilience dashboards, allowing leadership to understand threat-driven recovery posture changes. This enables strategic investment in critical recovery capabilities.",excellent
"The organisation runs proactive CTI-driven recovery exercises. Simulated attacks use real-world campaign data, ensuring recovery controls remain effective under current threat conditions.",excellent
"Comprehensive TTX programs are conducted quarterly with full executive participation. Scenarios cover ransomware, data loss, insider threats, and cloud outages with structured decision-making evaluation.",excellent
"Exercises follow formal methodologies, including inject-based scenario progression, decision capture matrices, and post-exercise scoring. Findings drive improvements across recovery plans.",excellent
"TTX scenarios are aligned with real threat intelligence, ensuring discussions focus on current and relevant risks. Recovery controls and communication flows are validated thoroughly.",excellent
"Outputs include detailed after-action reports, capability heat maps, and prioritised remediation plans. Every identified gap is tracked to completion.",excellent
"Exercises involve IT, legal, HR, communications, and executive teams. Cross-departmental coordination is evaluated using realistic business impact simulations.",excellent
External observers—such as auditors and industry consultants—participate to provide objective evaluations and benchmark organisational maturity.,excellent
"Scenario design includes timed decisions, stress-testing leadership judgement under pressure, and validating fallback authority pathways.",excellent
"Cloud, hybrid, and operational technology environments are all included in the TTX coverage. Each scenario maps to specific recovery runbooks.",excellent
"Technical systems (main servers, data storage, internal applications) partially documented. Non-technical assets (roles, internal workflows, decision chains) available but not always updated. Dependency mapping present but moderate in detail. Improvement possible through structured audits.",good
"Core technical elements such as application servers, data tools, and integration services are listed. Non-technical components (business processes, responsibility definitions) documented with some inconsistencies. Asset reviews performed occasionally.",good
"Technical inventory includes key apps, database tools, and system utilities. Non-technical assets (operational routines, IP notes, staff duties) recorded but lacking deeper prioritization. Updating cycles irregular.",good
"Some technical assets (design software, scheduling tools, storage systems) documented. Non-technical (workflows, staff responsibilities, key operational notes) captured at high level. Missing detailed structure and impact mapping.",good
"Technical register contains pharmacy tools, billing applications, and point-of-service systems. Non-technical assets (fulfillment steps, procedural notes) exist with inconsistencies. Partial accuracy in updates.",good
"IT assets (servers, developer tools, project systems) catalogued with reasonable completeness. Non-technical assets (process checklists, workflow references, documentation) exist but need better maintenance. Some gaps remain.",good
"Technical documentation includes investment tools, reporting systems, and application servers. Non-technical materials (workflow duties, audit notes, approval processes) defined but not always reviewed. Moderate reliability.",good
"Technical elements (tracking tools, warehouse applications, vehicle systems) listed in partial form. Non-technical assets (logistics steps, operational responsibilities) present but shallow in detail. Improvement needed in mapping.",good
"Educational technical systems (LMS portals, exam systems, database apps) recorded with moderate completeness. Non-technical items (curriculum processes, validation workflows) exist at broad level without structured details.",good
"Technical assets (ERP modules, supply workflows, manufacturing data tools) listed with limited granularity. Non-technical assets (quality processes, staff duties) documented with low prioritization insight. Some updates pending.",good
"Administrative stakeholders are defined for each major asset, with two assigned per asset. Senior recovery authority is documented with named individuals and their delegates. External service providers are identified but not always included in exercises.",good
A stakeholder register exists with administrative roles mapped to key systems. Senior authorities are named. External vendors’ contacts are recorded. Register is reviewed occasionally but not after every organisational change.,good
Administrative staff have documented responsibilities. Senior board members are identified but delegate information is missing. External partners are listed but response expectations are not clearly detailed.,good
The organisation maintains a basic stakeholder register. Administrative and senior stakeholders are recorded with defined tasks. External suppliers are listed but agreements are not updated regularly.,good
Recovery stakeholders are identified with acceptable clarity. Administrative responsibilities are assigned. Senior oversight roles are documented. External suppliers are known but contract details need update.,good
"Administrative teams are mapped to some critical assets. Senior recovery authority is documented but lacks second-level reviewers. External support contacts exist, though not all have defined responsibilities.",good
"The stakeholder list includes administrative and senior roles with clear responsibilities. External partners are known, though escalation paths need improvement.",good
"Stakeholders are mostly up-to-date. Administrative and senior staff are documented. External service providers are included, but the register requires more frequent review.",good
"Administrative, senior, and external stakeholders are listed with basic responsibilities. Some contact details are outdated but general structure is good.",good
"The organisation has a functional stakeholder register covering administrative, senior, and external roles. Some responsibilities are not linked directly to critical assets.",good
"A basic prioritised asset list exists with major services ranked by importance. Dependencies such as authentication and network access are considered in most cases. Restoration order is generally known, though not always documented at a granular level.",good
The organisation maintains a partially prioritised asset register. Critical systems like identity services and core databases are listed first. Some secondary services are not clearly ordered but overall structure exists.,good
"Asset priority is documented for primary systems. Recovery sequence is generally followed. Some low-impact systems are not included, and dependency mapping is still incomplete.",good
"The prioritised asset list identifies key services and their recovery order. However, not all dependencies are captured. The list is reviewed occasionally but not after every infrastructure change.",good
Critical assets are prioritised with reasonable accuracy. Recovery teams understand the order. More detailed sequencing is needed for complex services to avoid potential access issues.,good
"The asset prioritisation approach is mostly sound. Authentication, network, and core service layers are restored early. Some application-level priorities need refinement.",good
A structured asset list exists with priority levels. Recovery order is known and followed. Dependency chains are documented but lack periodic validation.,good
The organisation uses a prioritised register that covers most essential systems. Risk vs cost considerations are partially included. Some sequence details require improvement.,good
"Asset prioritisation is aligned with recovery planning. Critical services have defined restoration order, although the documentation needs more depth for multi-layer systems.",good
"An asset list with tiered priority exists. Recovery teams rely on it successfully, though some non-critical services have unclear positions within the sequence.",good
"The organisation has a basic list of technical recovery controls such as backup servers, some redundancy, and limited failover systems. Non-technical controls such as procedures and communication steps exist but are not consistently maintained.",good
"Technical controls like SAN, NAS, and authentication systems are documented. Non-technical controls such as recovery steps and escalation paths are recorded but require updating. Offsite backups exist but are not tested regularly.",good
"A partial recovery control register exists, identifying storage options, authentication systems, and backup methods. Non-technical controls such as SOPs and governance guidelines are documented but not fully aligned with operations.",good
"The organisation maintains a reasonable list of recovery controls, covering backups, availability zones, and redundancy for key systems. Non-technical controls exist but need improvement in clarity and ownership.",good
"Technical recovery controls are identified, including high availability, offsite backups, and authentication services. Non-technical processes and escalation procedures are defined but not frequently tested.",good
"A structured list of recovery controls exists with acceptable detail. Backups, redundant systems, and authentication controls are documented. Non-technical controls such as communication steps and response procedures are present but require more validation.",good
"Most technical controls, including storage methods and redundancy, are identified. Non-technical recovery controls such as governance and recovery workflows exist but lack periodic review.",good
"The organisation has a recovery control inventory covering backups, resilience features, and authentication layers. Non-technical controls are documented, though some roles and responsibilities need clarification.",good
"Technical controls include S3 buckets, offsite storage, and management LANs. Non-technical controls such as decision paths and processes are in place. Some controls need clearer documentation.",good
"A functional list of technical and non-technical controls exists, though some dependencies and control interactions need better mapping.",good
"A basic list of recovery control stakeholders has been created. It includes key administrators responsible for managing backups, failovers, and authentication systems. The list is derived from the broader RC.IP-2 stakeholder group but needs refinement.",good
"Recovery control stakeholders are documented, including employees responsible for restoration activities. However, some roles are not clearly matched to specific controls. The list requires periodic updates.",good
The organisation has identified primary recovery stakeholders who manage recovery processes. This list references individuals from RC.IP-2 but lacks alternate contacts and secondary stakeholders.,good
"Recovery stakeholders include system administrators, network engineers, and backup operators. Their responsibilities are generally known, but formal documentation is limited.",good
"A functional list of recovery control stakeholders exists. Stakeholders have defined tasks such as failover activation, backup verification, and authentication recovery. Some mapping to controls is incomplete.",good
Recovery control stakeholder identification is mostly complete. Key technical staff are identified and understand their responsibilities. The list requires more clarity on delegation during unavailability.,good
"There is a structured list of stakeholders responsible for recovery controls such as backup management, network restoration, and identity recovery. Non-technical oversight roles need more detail.",good
Recovery control stakeholders are aligned with RC.IP-2 and include personnel assigned to specific controls. Documentation is mostly accurate but needs a more frequent review cycle.,good
"The organisation maintains an adequate list of stakeholders for recovery controls. Responsibilities are assigned and linked to technical controls. However, escalation paths are not fully developed.",good
The recovery control stakeholder list is functional and used during exercises. It includes primary and secondary individuals but lacks deeper detail for complex recovery steps.,good
"Business continuity controls are listed and some of them are mapped to recovery tasks, but the relationship is only documented at a high level.",good
"Backup sites and DR locations are referenced in cyber recovery plans, though responsibilities are not fully defined.",good
"Some cyber recovery activities use continuity processes such as alternate workspace locations, but documentation is not comprehensive.",good
"Continuity and recovery teams meet quarterly to sync, but several controls remain unmapped or unclear.",good
"A partial list exists showing how continuity controls support cyber restoration, but testing is not integrated yet.",good
"Business continuity stakeholders participate in cyber incident response calls, but joint exercises are occasional.",good
"Shared controls like data backups and alternate communication channels are documented, but dependencies are incomplete.",good
"Cyber recovery tasks reference the BCP plan, but only for physical infrastructure. Applications and services are not linked.",good
"Some recovery controls are aligned with business continuity, such as redundant servers, but lack detailed procedures.",good
Continuity and cyber recovery documentation aligns in some areas but still requires clearer mapping and ownership.,good
"A partial list of recovery technologies exists, but assessment of people and process capabilities is incomplete.",good
We have some procedural recovery steps documented but the team needs more training. A few capability gaps are identified.,good
"The organization has recovery technologies and policies in place, but training gaps and process gaps still exist.",good
"We have basic recovery capabilities such as backups and failover systems, but knowledge gaps remain among the staff.",good
"Some recovery tools and processes are defined, and we have identified several gaps in technology and training.",good
"Recovery capability assessment is performed annually, but not all gaps are addressed immediately.",good
"There is a documented list of recovery capabilities, although the organization still has process and education gaps.",good
"Our recovery policies and processes are documented, but we are lacking in people skills and some technical tools.",good
We maintain an understanding of recovery capabilities but improvements are still needed for people and process areas.,good
"Some recovery capabilities exist and gaps are tracked, but mitigation planning is still evolving.",good
"We maintain a partial list of regulatory and operational requirements, but several legal and environmental obligations are missing. Documentation is incomplete and updated only occasionally. Some disclosure timelines are known, but not all.",good
"A basic regulatory register exists covering key compliance requirements. However, provincial directives and some operational mandates are missing. Documentation is adequate but lacks depth and regular review.",good
We track most high-level regulations but lack detailed environmental requirements and some legal disclosures. Operational obligations are documented but not fully mapped to communication processes.,good
"Environmental, legal, and operational requirements are tracked in a simple register. Some provincial reporting mandates remain unverified. Documentation exists but needs more frequent updating.",good
Compliance obligations are recorded but inconsistently updated. Several regulations are captured but without detailed responsibilities. Environmental documentation exists but needs expansion.,good
"We maintain a documented list of applicable regulations and directives. Reporting expectations are mostly covered, but some environmental and operational requirements need refinement. Updates are periodic but not automated.",good
"The regulatory register includes legal and operational requirements, though environmental guidelines are not fully captured. Disclosure processes exist but require more detail.",good
"Most legal, environmental, and operational directives are documented. Reporting obligations exist but lack clarity in communication paths. Compliance ownership needs strengthening.",good
"A moderately detailed register captures primary laws, reporting deadlines, and compliance expectations. Some gaps remain in environmental mandates and government directives.",good
"Documentation of regulations and operational requirements is solid but not fully complete. Regular review happens, but some outdated entries remain.",good
"A basic recovery sequence exists, but it is informal and known only to a few technical staff. Not fully documented. Dependency mapping incomplete.",good
"We maintain a rough order of recovery steps, prioritizing authentication and management access, though some steps are not validated.",good
Recovery sequence documented for core systems but lacks detailed dependency tracking. Some uncertainty remains during restoration tasks.,good
"The organization has a general list of restoration steps. Storage, access control, and network layers are typically restored first, though the process needs refinement.",good
"A moderately accurate sequence exists covering identity, storage, and main applications. Needs improvements for edge systems and remote access components.",good
"Most essential systems have a defined recovery order, but some platform dependencies are missing from the sequence document.",good
A structured recovery list exists but not fully tested. Some sequencing issues still cause delays in authentication and remote console access.,good
Dependency mapping and restoration order are documented but not updated regularly. Some gaps in application-level sequencing remain.,good
"We have a defined order for core recovery actions, but the documentation lacks granularity for multi-tier applications.",good
"System recovery sequence is mostly accurate and followed, though the team needs more training to execute it consistently during incidents.",good
"A basic inventory exists with partial interdependency information. Some services list upstream dependencies, but downstream links remain unclear.",good
"Systems have documented dependencies, but only at a high level. Some configuration details are missing. Useful but incomplete.",good
Interdependency mapping covers most mission-critical services. Some non-critical systems remain undocumented. Needs improvement.,good
Asset inventory includes partial configuration and dependency links. Recovery teams can navigate most but not all connections.,good
"Most system relationships are known, but diagrams are outdated. Some application-to-database links not accurately reflected.",good
We maintain a simple map showing dependencies between core services. Additional detail needed for environmental and infrastructure components.,good
The inventory records interdependencies for key systems but lacks details for minor services. Still functional during most recovery operations.,good
Configuration records exist with moderate detail. Analysts understand main service connections but not edge-case interactions.,good
"We have a list of assets and their major dependencies, but updates are infrequent. Some recent architecture changes are not reflected.",good
"Most interdependent relationships are documented, but mapping is not exhaustive. Recovery teams can navigate effectively with occasional assumptions.",good
"A functional dependency list exists in the CMDB, outlining how systems interact. Security dependencies such as IAM and firewall rules are partially documented, though periodic reviews are inconsistent.",good
"Automated discovery tools map core services, capturing most functional and security dependencies. However, some legacy systems remain unmapped. Documentation is available but not fully centralized.",good
"Functional relationships between applications are documented, and security dependencies like token services and encryption modules are mapped. Review cycles occur annually but not after major changes.",good
CMDB contains a reasonably accurate diagram of functional workflows and their supporting security controls. Some gaps exist for lower-priority systems but core business services are covered.,good
The team maintains a dependency matrix showing functional links and associated security controls. Updates are made quarterly but sometimes lag behind actual changes.,good
Most systems have clearly defined functional dependencies recorded in the CMDB. Security dependencies such as identity services and certificate authorities are captured but not continuously monitored.,good
"Dependency mapping is part of onboarding new applications. Functional and security dependencies are included, though validation practices need improvement.",good
"A structured mapping process exists and teams follow it, documenting all critical dependencies. Some mid-tier services lack complete security dependency mapping.",good
"CMDB auto-discovery tools capture the majority of dependencies. Security dependencies for cloud services are noted, though on-prem systems need manual updates.",good
Functional flows and required security controls are documented for mission-critical services. Non-critical systems have partial mapping. Reviews occur semi-annually.,good
"A Cyber COOP is documented and includes basic cyber resilience components like access control and backup strategies. Recovery steps are defined, but the plan is tested only annually and lacks depth in secure administration and device-hardening processes.",good
"The recovery plan covers the main stages of recovering after an incident, including restoration to acceptable service levels. Periodic exercises occur, but coverage of cyber-specific controls could be improved.",good
"A structured COOP exists and defines responsibilities, backup procedures, and secure administration guidelines. Some areas like architect-to-protect and surviving through attacks need more detail.",good
"Recovery approaches are documented and followed during incidents. The plan includes backup strategies and access control measures, but exercises are infrequent and not fully realistic.",good
"The COOP provides guidelines for restoring services and recovering from cyber incidents. Most procedures are documented, though some components like device hardening are still developing.",good
The organization has a recovery plan covering cyber resilience areas such as authentication protection and backup practices. Exercises occur semi-annually but do not involve all teams.,good
A reasonably complete COOP exists and includes instructions for recovering operations during and after an attack. Continuous improvement practices are partially implemented.,good
"The recovery plan defines processes for secure administration, access control, and backup validation. Testing is performed regularly, though documentation updates sometimes lag behind.",good
Cyber COOP is integrated with operational recovery processes. It outlines strategies for survival during an attack and recovery afterward. Some sections need deeper technical detail.,good
"Recovery planning is documented, roles are defined, and exercises are held. The plan covers resilience features but lacks real-time update mechanisms for changing infrastructure.",good
"Recovery processes and procedures are documented and periodically reviewed. Testing happens occasionally, though not always after system changes. Most lessons learned are incorporated, but some updates are delayed.",good
"The organization maintains recovery procedures that are mostly up to date. Annual exercises validate their effectiveness, although some scenarios are not fully tested. Improvements are made based on incident reviews.",good
"Recovery workflows are clearly written and followed during incidents. Tests occur at scheduled intervals, but there is room to improve coverage and frequency. Updates generally follow lessons-learned reviews.",good
"Procedures are defined, version-controlled, and shared with relevant teams. Recovery processes are tested in tabletop exercises, though real-time simulations are limited.",good
"Processes and procedures support effective recovery and are reviewed when significant changes occur. Feedback loops exist, but sometimes updates are slow to implement.",good
"The organization has a testing plan for recovery procedures, ensuring that most issues are caught. Continuous improvement is practiced, though some procedures still lack full testing.",good
"Recovery documentation is structured and includes clear steps. Tests are conducted semi-annually, and updates follow most major incidents, though not consistently.",good
"Most recovery procedures are validated and function as intended. Cross-team testing is conducted, although deep technical scenarios are occasionally missed.",good
"Procedures are regularly reviewed and updated with lessons learned from incidents. Testing is periodic, though some teams participate less frequently.",good
"Recovery processes are maintained with moderate rigor. They are updated after incidents, and annual drills highlight areas to improve, ensuring general readiness.",good
External contact details are maintained but partly outdated. Some entries lack full information such as alternate numbers or escalation contacts.,good
"There is a basic list of external entities that support recovery, including service providers and data centres. However, updates are not frequent.",good
"Most external contacts are documented with names and email addresses, though secure lines and after-hours contacts are missing.",good
The organization maintains a list of call-off recovery partners and support vendors. It is updated during annual review cycles.,good
"External entity contacts exist in the recovery plan, though not all teams have immediate access to it during incidents.",good
"The organization has recorded most relevant external support contacts, with only a few minor gaps in escalation paths.",good
"The list of service provider and data centre contacts is mostly complete. Updates occur, but not consistently after every vendor change.",good
External entity details are maintained in a shared document. Most key fields such as phone numbers and emails are recorded and used effectively.,good
"There is a central repository for recovery partner contacts, but some teams still rely on outdated local copies.",good
"The organization maintains a structured list of external entities including names, emails, and phone numbers, though secure contact details are limited.",good
"An OOB communication channel exists but is limited. It is used only by select administrators, and accessibility is inconsistent across teams.",good
"A basic recovery communication plan is documented, including some escalation steps for internal teams and external service providers.",good
"Some lights-out management capabilities (iLO/IPMI) are configured, though not all servers or network devices are included.",good
The organization maintains a partially complete crisis communication plan that can be used during cyber recovery events.,good
OOB communication exists but is tested infrequently. The plan works but requires updates and better training.,good
"Most internal stakeholders are listed in the communication plan, though external stakeholder details are not fully captured.",good
"Recovery notification procedures exist and describe how to contact HR, Legal, and PR, but escalation timing is unclear.",good
"The recovery communication plan is used during annual tabletop exercises, but real-world usability is still only moderately tested.",good
"The organization maintains a working escalation process, but cross-team coordination still needs improvement.",good
"OOB tools and communication plans exist, but responsibilities and ownership are not always understood across all teams.",good
"An internal asset inventory exists but is semi-manual. Technical systems are logged in a shared spreadsheet maintained by IT staff. User endpoints and mobile devices are captured during onboarding but rarely reviewed. Backup processes exist for key servers, with weekly verification. Recovery documentation is available but not frequently exercised.",good
The organisation maintains structured configuration baselines for network devices and servers. A CMDB tool is partially deployed and tracks approximately 60% of critical resources. Recovery responsibilities are assigned but not consistently practiced. Security patches are applied monthly except during heavy operations.,good
"The security team maintains an updated list of privileged accounts, and MFA is enforced. Recovery procedures exist for databases and application servers, though some applications lack environment-specific documentation. External partners are contactable through a maintained list in the recovery playbook.",good
There is a functional backup regime with daily incremental backups and monthly full backups stored offsite. Network segmentation is partially implemented. Recovery exercises are conducted annually with moderate success. A crisis communication plan exists but requires modernization.,good
"Incident response and recovery teams coordinate through a dedicated communication channel. Basic OOB access is configured for critical infrastructure. Dependency mapping is partially completed using automated tools, though manual verification is pending.",good
"The organization has an internal cyber-continuity plan with defined RTOs and RPOs for major services. Recovery actions are assigned to designated team members, and limited tabletop exercises have been conducted. Documentation is available but slightly outdated.",good
"Most systems follow a standardised build template with hardening at OS level. Backups have been tested successfully for core applications. Recovery vendors are under contract and their details stored in a shared knowledge base, though escalation chains need refinement.",good
"A partial CMDB tracks 75% of servers and network assets. Security dependencies are moderately documented. Recovery playbooks exist for five critical services, but several low-priority systems lack formal documentation.",good
Recovery lessons learned are documented after major incidents and shared within the IT group. Automated patching works for Windows systems but requires manual effort for Linux servers. Data classification is implemented at a basic level.,good
"The organization uses an established DR site with a readiness level reviewed bi-annually. A dedicated channel exists for emergency communication. Some application dependencies are not fully mapped, but key business services have recovery workflows documented.",good
"Basic contingency measures exist, including periodic offsite backups stored in a secondary location. Alternate communication channels are available but not regularly tested.",good
"The organisation maintains a backup ISP connection, but failover is manual and not automated. Hot-standby storage exists for key systems only.",good
"Alternate routes for WAN connectivity are documented, and routing changes can be made by the network team. Backups rotate weekly to an offsite storage provider.",good
There is a defined pre-production environment that can be repurposed during recovery. Staff have limited training on switching to contingency resources.,good
"Hot-standby storage is available for critical applications, but secondary systems rely on slower backup storage. Alternate sites exist but are used only during major outages.",good
"The organisation has planned alternate communication paths for internal teams. Some OOB access is configured, but not all devices have remote management interfaces.",good
"Backup rotational strategy includes cloud storage for key workloads. Alternate communication paths exist, though internal awareness is limited.",good
"Contingency plans include fallback DNS servers, limited redundant routing, and weekly verification of backup health for mission-critical systems.",good
Teams have access to secondary work environments for essential workflows. Contingency documentation is moderately updated but lacks scenario-specific details.,good
"Alternate storage systems exist with limited capacity. Recovery drills include the use of alternate routes, but only for selected business-critical applications.",good
"A basic decision-making protocol exists, naming a few key stakeholders who must be notified during incidents. Escalation paths are documented but not regularly reviewed or tested.",good
"Senior Responsible Officers are defined, though some alternate contacts are missing. Recovery Command roles exist but are not fully integrated into exercises.",good
"The organisation has a documented authority matrix outlining who approves specific recovery actions. Some staff remain unsure, but overall guidance exists.",good
"Incident escalation flowcharts are provided to recovery teams. Decision-making roles are known by most stakeholders, though updates occur infrequently.",good
Approval steps for major recovery actions are documented. Smaller decisions are delegated to technical leads. Some gaps remain during multi-team coordination.,good
Recovery decision-making responsibilities are included in the cyber recovery plan. Emergency contact details exist but require periodic verification.,good
"The organisation maintains a partial decision-making protocol, including escalation hierarchy and communication channels. However, some SRO alternates are missing.",good
Recovery commanders are identified and trained annually. Decision-making procedures exist but lack real-world validation through exercises.,good
"Decision-making documentation is available on the internal portal. While used during incidents, not all stakeholders fully understand the approvals required.",good
"The organisation has a working protocol defining who can approve system restoration, failover, and shutdown actions. Some dependencies between roles remain unclear.",good
"We have conducted a few basic wargaming exercises. They involve senior IT staff and recovery leads, but they are limited to simple disaster-recovery scenarios without adversarial threat modelling.",good
Wargaming occurs annually but is limited to tabletop discussions. Scenarios include system failure and data loss but not targeted cyber attacks or complex multi-stage compromises.,good
"The organization has defined a small set of wargame scenarios (e.g., ransomware, insider threat) and recovery teams run them in workshops. Some threat modelling is done, but not deeply.",good
"Cyber wargaming is part of plan review. Recovery teams run scenario-based exercises every six months, though not all critical business services are covered.",good
"Wargame exercises are structured, and replayed with key stakeholders. They identify recovery gaps in some systems, but deeper technical and threat-based gaps remain uncovered.",good
"A few mature scenarios (e.g., supply-chain compromise, API exploitation) are used in wargaming. However, not all teams participate and not all recovery measures are stress tested.",good
"Our wargaming includes both IT and business stakeholders. Recovery gaps are identified, but the exercise does not always lead to actionable remediation because resource constraints limit follow-through.",good
"The organisation uses wargaming to validate recovery priorities and to identify potential failure points. Some threat actors are simulated, but realism could be improved.",good
"Recovery teams regularly run scenario-based exercises simulating attacks on critical systems. These highlight priority gaps, though not all findings are tracked in actionable plans.",good
"We perform cyber wargames annually with multiple teams. Scenarios include data exfiltration, system compromise, and insider threat. The outcomes inform recovery process updates.",good
"The organisation uses a basic three-level impact scale (low/medium/high). Recovery teams reference it during incidents, though the scale is not aligned to a standard framework.",good
A potential impact scheme exists but lacks clear guidance on associated recovery actions. Teams consult it occasionally during incidents.,good
The organisation follows a partially defined impact classification. Recovery options are listed but not fully mapped to all impact categories.,good
"Impact assessment is documented and used, but some teams interpret categories differently due to limited training.",good
The organisation has adopted a simple internal scheme to classify impacts. Recovery strategies are loosely linked but not consistently applied.,good
"A formal impact rating exists and is referenced during incident handling. However, recovery options for each impact rating are incomplete.",good
The organisation uses an impact scheme resembling NIST categories. Recovery playbooks exist but are not fully stress-tested across all impact levels.,good
Impact classification is integrated into response workflows. Recovery teams often follow the scheme but still rely on manual judgment for borderline cases.,good
The organisation maintains a list of potential impacts and mapped recovery actions. Some systems and processes are still missing from the list.,good
"Impact rating is part of the recovery playbook. While mostly followed, the rating scheme is not consistently updated with evolving business risks.",good
"The organisation has a basic list of recovery processes such as backup restoration and alternate ISP switching, though not fully documented in detail.",good
Some recovery processes exist but do not cover all services. Backup restoration steps are documented but route switching is missing.,good
"A partial workflow exists for invoking business continuity plans, but cyber monitoring during recovery is inconsistent.",good
"Notifications and escalations are defined, but the documentation lacks clarity on which incidents trigger which responses.",good
The organisation measures SLAs and KPIs during recovery but does not consistently use them to guide decisions on reduced-capacity operation.,good
Alternate site switching procedures exist but have only been tested in limited scenarios.,good
"A list of recovery steps is maintained, though not updated regularly. Some steps still rely on manual interpretation.",good
Processes such as backup restoration and cyber monitoring are present but not integrated into an end-to-end recovery sequence.,good
"Reporting and disclosure procedures exist but vary across departments, resulting in mixed adoption.",good
Recovery workflows cover major systems but lack detailed technical steps for certain critical services.,good
"The organisation maintains a basic list of planned responses, including system isolation and initial containment, though documentation lacks detail.",good
"Some response steps are defined, such as notifying the IT team and disabling compromised accounts, but escalation paths are unclear.",good
Planned responses exist for high-level scenarios but lack technical detail on how to execute them.,good
"Communication and stakeholder notification steps are documented, but there is inconsistency in following them during incidents.",good
"A partial playbook exists outlining incident triage and containment, although recovery-phase actions are not well integrated.",good
"Teams have planned responses for common disruptions, but less frequent attack types lack documentation.",good
"Response procedures are available but not updated regularly, causing occasional mismatches with current systems.",good
"Planned actions include forensic evidence preservation, though staff are not fully trained to execute them confidently.",good
"Response activities include isolation and escalation steps, but decision-making authority during incidents is unclear.",good
A list of planned responses is present but does not specify fallback actions when primary steps fail.,good
"Recovery activities are documented in a structured internal portal. Core infrastructure components such as hypervisors, SAN storage, and identity services have predefined restoration procedures. Recovery timelines are tracked manually. Leadership is briefed within the first hour using a predefined communication template.",good
"The enterprise maintains recovery plans for its customer-facing services. System dependencies are partially mapped, and service owners participate in periodic tabletop exercises. Some documentation requires alignment with updated infrastructure topology.",good
"Backup processes run nightly with automated alerts on failure. Recovery activities for messaging, collaboration systems, and internal authentication servers are outlined but need refinement after environment upgrades.",good
"A dedicated recovery coordination group meets quarterly to update workflows. Out-of-band access exists for core network devices and domain controllers, allowing controlled recovery even during major outages.",good
"Most application teams maintain lightweight recovery runbooks with steps for cache clearing, service restarts, and dependency validations. DR drill results are recorded and shared with the operations board.",good
"Segment-specific recovery actions exist for finance, HR, and engineering systems. Annual cross-functional simulations are conducted, though integration between departments requires improvement.",good
"The organization has predefined escalation triggers that determine when to activate technical recovery teams. Backup chain verification is performed weekly, and recovery testers document deviations for remediation.",good
A structured handover process between the incident response unit and the recovery team ensures smooth transition from containment to restoration. Logs and artefacts are preserved for compliance reporting.,good
"Critical business workflows have been mapped, and associated recovery tasks outline restoration order, fallback steps, and validation checkpoints. Several non-critical services still lack clear playbooks.",good
"Most operational units maintain version-controlled recovery documentation. Regular internal audits highlight outdated entries, leading to planned review cycles every six months.",good
Damaged servers and storage volumes are restored following predefined procedures. Configuration settings are compared with baseline templates to ensure consistency. Logs are reviewed after restoration to confirm normal system behavior. Basic service tests are executed before making systems available to users.,good
The organization performs structured restoration for application services using a standard checklist. System performance is validated using basic throughput measurements. Post-recovery logs are captured and stored in the central archive.,good
"Most infrastructure teams follow a documented fix-and-validate workflow. Root filesystems and databases are restored from verified backups, and configurations are checked for discrepancies before systems are brought online.",good
Network devices with corrupted firmware are reimaged according to standard procedures. Interface configurations are validated against known-good versions stored in configuration management tools.,good
"Following major disruptions, recovery engineers run functional tests on core applications, comparing pre-incident and post-incident response times to determine stability.",good
"Database restoration procedures include checksum validation, integrity verification, and replaying logs to ensure state accuracy. User acceptance testing is conducted for critical modules.",good
Application teams restore corrupted microservices using container images stored in secure registries. Service mesh routing is validated after restoration to ensure correct communication paths.,good
System administrators fix corrupted identity services using predefined rollback images. Authentication logs are reviewed to confirm normal login patterns after recovery.,good
Storage snapshots are restored for virtual machines affected by data corruption. Benchmarks are performed to compare I/O performance before and after the incident.,good
"Functional validation scripts are executed after restoring middleware components, ensuring that message queues and API endpoints behave as expected.",good
"Recovery controls are reviewed annually to ensure alignment with new technologies adopted by the organization. Basic updates are made to playbooks after major incidents, though improvements are often reactive rather than proactive. Some emerging attacker techniques are considered, but reviews are not consistently documented.",good
"Engineering teams update recovery scripts when infrastructure changes occur. New cloud services are partially integrated into existing playbooks. Adaptation is ongoing, but several procedures lag behind evolving adversary capabilities.",good
The organization monitors threat intelligence feeds and occasionally updates recovery TTPs based on observed trends. Playbooks for critical systems receive periodic revision to account for new attack patterns.,good
"Recovery procedures are updated whenever tooling changes, such as upgrades to monitoring or backup systems. Some architectural adaptability exists, including load-balanced services and redundant paths for critical functions.",good
"Most recovery workflows are re-evaluated after tabletop exercises, leading to incremental improvements. Adaptation focuses on simplifying steps and reducing dependencies on manual actions.",good
"Cloud-native changes, such as new availability zones, are integrated into recovery designs. Multiple failover paths exist, though some lack automated testing. Documentation is updated moderately well.",good
Emerging incident-handling techniques are reviewed quarterly by the IT operations group. Recovery improvements are implemented slowly but steadily across different service teams.,good
Network segmentation improvements lead to updates in recovery procedures to better contain future incidents. Some playbooks are adapted for hybrid-cloud scenarios.,good
"Post-incident reviews frequently trigger adjustments to recovery processes, improving resilience against similar attacks. However, deep architectural adaptability is still under development.",good
"A moderate culture of adaptation exists. Teams regularly tweak recovery steps, although long-term architectural improvements take longer to implement.",good
"Recovery SLAs exist for most core services, with defined RTOs that are generally achievable. OLAs between internal teams are informally maintained and reviewed annually. Some legacy applications still lack clear recovery targets, but ongoing updates aim to fill the gaps.",good
"The organisation has set realistic RTO values for business-critical systems, though targets for non-critical systems remain undefined. Recovery SLAs are reviewed after major incidents and adjusted based on lessons learned.",good
Most application owners maintain documented SLAs that specify acceptable downtime thresholds. These targets guide decision-making during restoration but require more consistent version control.,good
"Internal OLAs outline responsibilities between infrastructure, security, and application teams. RTOs for tier-1 services are benchmarked during recovery drills, though some discrepancies remain.",good
Recovery objectives are achievable and reflect current infrastructure capabilities. The organisation periodically revisits SLA assumptions to ensure they match emerging threats and new technologies.,good
"Backup systems support established RTOs for most services. SLA compliance is tracked manually, and improvements are planned to automate validation procedures.",good
Critical business functions have defined OLA agreements with shared accountability across teams. RTOs are linked to current system architecture and validated semi-annually.,good
"RTO benchmarks are based on past recovery performance, keeping targets realistic. However, some smaller teams still operate without formal OLA definitions.",good
"SLAs are reasonably updated when IT capabilities evolve. Although not fully optimised, the organisation ensures recovery time expectations align with actual resource availability.",good
Recovery targets for cloud-hosted services are documented and aligned with provider capabilities. Some hybrid systems require refinement to avoid unrealistic expectations.,good
"An internal asset governance model exists with periodic reviews. The organisation maintains partial visibility of cloud workloads through manually updated dashboards. Recovery runbooks are available for major services, and quarterly data restore tests provide moderate assurance.",good
"Backup snapshots for core applications are scheduled daily, with weekly integrity checks. Dependency mapping is underway using a mix of automated scans and spreadsheets. Recovery responsibilities are assigned, though not all teams follow the defined escalation workflow.",good
"The organisation maintains documented recovery steps for identity systems, databases, and internal portals. While recovery times vary, previous incidents show acceptable alignment with defined recovery objectives. Several legacy applications still rely on manual steps.",good
A semi-automated monitoring system tracks server health and backup status. Recovery drills conducted bi-annually reveal minor gaps in configuration drift. OOB communication channels exist but are limited to a small group of administrators.,good
"Recovery teams have access to an internal portal containing vendor contacts, configuration templates, and approved software baselines. Update frequency needs improvement, but critical systems are covered.",good
"Incident documentation is completed after each cyber event and stored centrally. Basic trend analysis is conducted to understand root causes, though deeper recovery insights are still in development.",good
"Backups for key business services are encrypted and archived to secondary storage. Periodic failback testing indicates acceptable readiness, although some dependencies need clearer mapping.",good
"The company maintains a partial catalogue of network assets, which is updated during onboarding activities. Recovery playbooks exist for seven critical systems but do not yet include full workflow diagrams.",good
"A dedicated continuity team reviews recovery outcomes after significant disruptions. Automated patching covers 80% of devices, and missing systems are being gradually onboarded to the automation platform.",good
"Recovery priority tiers have been established, and essential services undergo functional validation after patch cycles. Communication channels for recovery events are defined but require better cross-team alignment.",good
"The organisation has documented recovery objectives covering Cyber COOP activation, critical service restoration targets, and approved data recovery workflows. Objectives are reviewed bi-annually and updated based on recovery drill results. Stakeholder communication timelines are defined but require periodic refinement.",good
Recovery objectives for key systems are defined with clear RTO/RPO values. A basic reporting structure exists to notify stakeholders during incidents. Data recovery priorities are documented but do not yet include non-critical systems.,good
"Cyber COOP elements are incorporated into recovery objectives, ensuring essential functions continue during disruptions. Restoration targets align with previous test outcomes, though objectives for new cloud systems are pending approval.",good
"The organisation maintains recovery objectives for identity, network, and storage layers. These objectives guide the activation of failover procedures and coordination with internal teams. Minor gaps exist in documenting fallback paths.",good
"Recovery reporting requirements are clearly stated, defining who must be notified and within what timeframe. Objectives include restoring critical databases within approved windows based on past incident learnings.",good
"Data recovery strategies are aligned with backup retention policies, supporting defined objectives for restoring essential business data. Periodic assessments confirm feasibility but highlight the need for more automation.",good
"Recovery objectives incorporate both technical and business requirements, including the restoration of communication platforms and financial systems. However, documentation updates lag behind infrastructure changes.",good
"The company sets achievable objectives for restoring critical services and informs key stakeholders during incident escalation. Data recovery has been tested successfully, but application-level objectives remain partly undocumented.",good
Recovery objectives are supported by annual tabletop exercises. The organisation documents expected recovery stages and defines minimum acceptable service levels until full restoration is achieved.,good
"Objectives for restoring core business platforms within acceptable performance thresholds are documented. Reporting and escalation criteria support timely coordination, though integration with third-party entities is still improving.",good
"Post-recovery reviews are conducted after major incidents, evaluating adherence to RTO, communication timelines, and runbook accuracy. Stakeholder feedback is captured, but improvement actions are sometimes delayed.",good
"The organisation performs structured post-recovery assessments comparing actual recovery times with planned SLAs and OLAs. Most metrics meet expectations, though dependency verification requires more rigor.",good
"Recovery debriefs examine KPIs for system performance, data integrity, and user accessibility. Findings are documented and shared internally, but follow-up tracking lacks automation.",good
"A formal debrief process evaluates recovery workflows, including team coordination and escalation efficiency. Minor issues with cross-team communication are typically identified and addressed.",good
"Post-incident reviews benchmark recovery performance against baseline metrics and highlight areas needing enhancement, especially around manual failover steps.",good
The organisation measures recovery effectiveness by validating restored service performance and confirming that backup data matches integrity criteria. Some runbook elements require updates.,good
"Operational teams assess recovery tool efficiency, reviewing logs, dashboards, and monitoring data to identify time-consuming steps. Incremental improvements follow each review.",good
Post-recovery evaluations ensure all restoration activities met the acceptable service levels and were executed within defined RTO windows. Reporting is consistent but not yet centralised.,good
Debriefing sessions consistently document deviations from SLAs and analyse root causes. Communication effectiveness is reviewed to refine escalation paths.,good
"Performance indicators such as system stability, response time, and user restoration satisfaction are assessed after each incident. Findings guide incremental updates to recovery planning.",good
"Recovery stakeholders maintain a semi-structured overview of operational systems through shared documentation. Dependency relationships are partially understood, and recovery contacts are generally reachable. Tabletop exercises occur irregularly but produce useful lessons each time.",good
"Backup integrity is checked monthly for main applications, and recovery instructions are stored on an internal portal. Though some roles lack clarity, most team members demonstrate basic familiarity with their responsibilities during recovery situations.",good
"Recovery instructions for critical servers are maintained by the infrastructure team, though secondary systems lack equivalent detail. Escalation channels are known, and communication tools are frequently used during simulated incidents.",good
"Stakeholders generally understand high-level recovery priorities. Documentation is moderately up to date, with minor gaps in cloud workload mapping. Backup schedules are predictable and restore procedures have been validated for select services.",good
"The organisation has functional recovery workflows for business-critical operations. Staff are aware of escalation tiers, though cross-team coordination still needs improvement. Out-of-band communication is available but not routinely tested.",good
"Technical teams maintain recovery steps in a central wiki. While not all systems are documented, major services have repeatable recovery procedures. Data restoration has been validated for core databases within the last six months.",good
"Recovery responsibilities are assigned to technical owners who participate in annual exercises. Some process documents lack versioning, but overall awareness of recovery expectations remains consistent across teams.",good
"System images and configuration templates exist for most infrastructure components. Playbooks outline general actions, although some service-specific details remain incomplete. Stakeholders understand when to escalate failures.",good
"Communications during incidents are handled through defined channels, with clear expectations on reporting cadence. Recovery lessons are occasionally captured and referenced for future exercises, improving maturity over time.",good
"Most team members know where recovery documentation is stored, though updates are not always timely. Testing has shown reasonable preparedness for mid-level incidents, with room to improve system dependency mapping.",good
"Threat modelling activities exist in a semi-formal manner. System architects maintain basic data-flow diagrams for major applications, though some components rely on outdated documentation. Analysts review common attack paths annually, identifying moderate gaps in authentication flows and exposed interfaces. Findings are captured in internal reports but are not always actioned promptly.",good
"The organisation documents security designs for core services, including web gateways and internal APIs. Reviews are conducted during change cycles, and analysts compare controls against common threat patterns like brute-force and lateral movement. Recovery contingencies exist but require refinement for cloud-hosted workloads.",good
"Most services have logical architecture diagrams that support threat assessment. Modelling sessions include discussions on data storage risks, insecure integrations, and DDoS risks. Results are shared with stakeholders, though mitigation timelines are sometimes delayed due to resource limits.",good
"Analysts maintain a shared repository of threat scenarios mapped to specific business systems. While not exhaustive, these models help identify attack surfaces and recovery gaps. Threat modelling is performed during major system upgrades and incorporated into recovery plans.",good
The organisation employs a semi-structured methodology such as STRIDE-lite to identify potential risks. Threat responses and recommended recovery controls are recorded but lack deeper analysis in areas such as supply chain and partner integrations.,good
"Threat modelling is performed for customer-facing services, with outputs feeding into recovery playbooks. Known issues like insecure legacy authentication methods are documented with recommended mitigations, though implementation is slow.",good
"Data-flow mapping exists for critical processes, and analysts regularly identify misuse cases. Sessions include security engineers and system owners, enabling moderate accuracy in risk identification. Some diagrams require updating to reflect new cloud components.",good
"Architectural reviews evaluate common TTPs such as phishing paths, credential theft, and privilege escalation. Recovery contingencies (e.g., fallback authentication, temporary isolation) are noted but not always practiced during simulations.",good
Recovery analysts collaborate with cybersecurity teams to review vulnerabilities and identify break points. Threat scenarios highlight risks such as unpatched middleware and misconfigured access policies. Findings inform recovery planning but remain partially siloed.,good
"Threat modelling documentation exists for major assets and includes attack trees for high-impact systems. Recovery controls are aligned but not deeply tested, and some assumptions around detection timing remain optimistic.",good
"The organisation ingests basic OSINT feeds weekly, including public IP reputation lists and emerging malware indicators. Analysts review alerts manually and update recovery plans when high-risk threats appear, though the process lacks automation.",good
Threat intelligence from sources like MISP and OTX is used to identify whether recent threat campaigns match the organisation’s technology stack. Recovery analysts incorporate findings into gap assessments but updates are not always timely.,good
"Security teams maintain a manageable set of TI feeds focusing on credential leaks, ransomware strain activity, and infrastructure scanning. Insights inform isolation strategies and prioritisation of recovery tasks.",good
A semi-formal CTI review process occurs monthly. Analysts correlate TI findings with internal logs to determine whether suspicious activity aligns with known TTPs. This helps refine recovery controls.,good
"The organisation reviews threat intel for vulnerabilities affecting core applications. When relevant indicators surface, IT teams validate exposure and adjust contingency plans to cover potential exploitation paths.",good
TI analysts maintain a shared dashboard summarising top threats relevant to the organisation. Results are shared with recovery teams and influence risk-based prioritisation of backup validation and system hardening.,good
External TI from government CERTs and vendor bulletins is reviewed during patch cycles. Recovery teams use this information to estimate downtime impacts and adjust recovery runbooks where necessary.,good
"The organisation ingests DNS threat feeds to monitor suspicious domain activity. When high-confidence IOCs overlap with internal network activity, recovery teams assess potential exposure and plan for containment.",good
Email security TI feeds provide insights into new phishing campaigns. Recovery teams use this to test rapid-isolation procedures and ensure fallback communication strategies remain functional.,good
"Analysts integrate threat reports from subscription services into quarterly recovery planning. While not real-time, these inputs help identify relevant threat clusters and update recovery capabilities.",good
Senior stakeholders participate in annual TTX sessions simulating ransomware and network outage events. Discussions identify moderate gaps in communication and escalation processes. Outputs are documented and shared with recovery teams.,good
"The organisation conducts TTX exercises for critical business units, focusing on decision-making during cyber incidents. While scenarios are realistic, some follow-up actions take time to implement.",good
"TTXs are held twice a year and include IT, security, and operations teams. Participants assess response readiness and recovery workflows. Some inconsistencies exist in understanding contingency steps.",good
"Scenarios presented in the TTX include data corruption, identity compromise, and third-party failures. Stakeholders show good awareness, though gaps in cross-team coordination remain.",good
Facilitators guide TTX sessions using predefined scripts. Stakeholders discuss recovery priorities and communication plans. Lessons learned are documented but not always reviewed in future exercises.,good
"The organisation invites external partners to selected TTXs, allowing evaluation of vendor dependencies. Exercises highlight gaps in SLA awareness and escalation timing.",good
"TTX sessions incorporate realistic business impacts, prompting discussions on fallback procedures. Documentation improves each cycle, though some scenarios lack technical depth.",good
"Department leads participate in TTX workshops to evaluate decision-making under pressure. Recovery triggers and approval chains are validated, with minor clarity gaps identified.",good
